PlayerID,FirstName,LastName,Team,Runs_x,Balls,PPRuns_x,PPBalls,PSRuns_x,PSBalls,MORuns_x,MOBalls,PPRAA,MORAA,PSRAA,BattingRAA,Catches,Run Outs,GP,CPM,RPM,CRAA,RRAA,FieldingRAA,Overs,Runs_y,PPOvers,PPRuns_y,PSOvers,PSRuns_y,MOOvers,MORuns_y,PPEcon,MOEcon,PSEcon,PPERAA,MOERAA,PSERAA,ERAA,Proj Diff,Exp. Diff,WRAA,BowlingRAA,RAA,RAA Adj,ARAA,ReplacementRAA,RAR,WAR,WARPG
81,Mitchell,Owen,HH,308.0,165.0,199.0,97.0,5.0,3.0,104.0,65.0,73.62548476454295,18.91861050511831,-0.3476702508960574,92.1964250187652,8.0,1.0,9,0.8888888888888888,0.1111111111111111,21.913875598086122,3.223684210526315,25.137559808612437,9.0,79.0,0.0,0.0,0.0,0.0,9.0,79.0,0.0,8.777777777777779,0.0,0.0,-5.219614417435036,0.0,-5.219614417435036,11.0,13.695743685687559,-2.6957436856875585,-7.915358103122594,109.41862672425503,-0.3090636645677749,109.10956305968726,70.65748168817579,179.76704474786305,0.9717137553938543,0.1079681950437616
95,Glenn,Maxwell,MS,297.0,153.0,0.0,0.0,66.0,40.0,231.0,113.0,0.0,83.08927672428258,-5.3022700119474395,77.78700671233514,13.0,0.0,8,1.625,0.0,48.92344497607655,-1.5789473684210529,47.3444976076555,6.0,61.0,3.0,24.0,1.0,25.0,2.0,12.0,8.0,6.0,25.0,0.11999999999999744,4.395641240569994,-14.120711562897077,-9.605070322327085,5.0,9.130495790458372,-4.130495790458372,-13.735566112785458,111.39593820720518,-0.26672617627081946,111.12921203093435,60.97837460760376,172.10758663853812,0.9303112791272331,0.11628890989090414
21,Jason,Behrendorff,PS,22.0,17.0,0.0,0.0,0.0,2.0,22.0,15.0,0.0,2.3658331934888395,-3.5651135005973718,-1.1992803071085323,6.0,0.0,10,0.6,0.0,9.904306220095691,-1.9736842105263162,7.930622009569375,39.166666666666664,296.0,19.0,108.0,7.0,66.0,13.166666666666664,122.0,5.684210526315789,9.265822784810128,9.428571428571429,44.759999999999984,-14.062028499580892,10.155019059720463,40.85299056013956,94.0,59.6018475210477,34.3981524789523,75.25114303909186,81.9824847415527,-0.35563490169442596,81.62684983985827,81.30449947680502,162.93134931666327,0.880709996306288,0.0880709996306288
40,Will,Sutherland,MR,191.0,146.0,0.0,0.0,37.0,21.0,154.0,125.0,0.0,-9.618056720926322,-0.4336917562724088,-10.051748477198732,6.0,0.0,10,0.6,0.0,9.904306220095691,-1.9736842105263162,7.930622009569375,33.333333333333336,277.0,6.0,45.0,3.0,37.0,24.333333333333336,195.0,7.5,8.013698630136986,12.333333333333334,3.239999999999995,4.480301760268265,-4.362134688691231,3.3581670715770287,92.0,50.72497661365763,41.27502338634237,44.6331904579194,42.51206399029004,-0.48829236502488643,42.02377162526515,111.63236832926403,153.65613995452918,0.8305737294839415,0.08305737294839415
18,Ashton,Agar,PS,66.0,49.0,0.0,0.0,19.0,12.0,47.0,37.0,0.0,-1.4309447893941962,-2.390681003584234,-3.8216257929784305,6.0,1.0,9,0.6666666666666666,0.1111111111111111,11.913875598086122,3.223684210526315,15.137559808612437,30.0,175.0,0.0,0.0,1.0,9.0,29.0,166.0,0.0,5.724137931034483,9.0,0.0,71.7367979882649,1.8792884371029235,73.61608642536783,32.0,45.65247895229186,-13.652478952291858,59.96360747307597,71.27954148870998,-0.3231761606667601,70.95636532804322,73.88385071503313,144.84021604307634,0.7829200867193316,0.08699112074659239
56,Matthew,Short,AS,236.0,138.0,103.0,68.0,20.0,9.0,113.0,61.0,15.108587257617733,33.15438832018795,3.9569892473118267,52.21996482511751,5.0,0.0,7,0.7142857142857143,0.0,10.933014354066986,-1.3815789473684212,9.551435406698564,15.0,129.0,4.0,41.0,0.0,0.0,11.0,88.0,10.25,8.0,0.0,-8.840000000000003,2.176026823134965,0.0,-6.6639731768650385,26.0,22.82623947614593,3.173760523854071,-3.4902126530109676,58.2811875788051,-0.32176491105686156,57.95942266774824,73.56121381234739,131.52063648009562,0.7109223593518682,0.10156033705026689
51,Chris,Green,ST,58.0,47.0,0.0,0.0,17.0,16.0,41.0,31.0,0.0,0.4227219332102689,-11.520908004778976,-11.098186071568707,3.0,1.0,8,0.375,0.125,-1.0765550239234467,3.421052631578947,2.3444976076555,31.0,227.0,2.0,23.0,0.0,0.0,29.0,204.0,11.5,7.0344827586206895,0.0,-6.920000000000002,33.73679798826491,0.0,26.81679798826491,78.0,47.17422825070159,30.82577174929841,57.64256973756332,48.888881273650114,-0.3288211591063541,48.56006011454376,75.17439832577607,123.73445844031983,0.6688349104882153,0.08360436381102691
120,Mark,Steketee,MS,1.0,1.0,0.0,0.0,0.0,0.0,1.0,1.0,0.0,-0.3089444537674106,0.0,-0.3089444537674106,1.0,0.0,5,0.2,0.0,-5.0478468899521545,-0.9868421052631581,-6.034688995215313,18.5,129.0,9.0,55.0,0.0,0.0,9.5,74.0,6.111111111111111,7.7894736842105265,0.0,17.359999999999996,3.8792958927074674,0.0,21.239295892707464,96.0,28.152362020579982,67.84763797942001,89.08693387212747,82.74330042314475,-0.15805995630863376,82.58524046683611,36.13533310080223,118.72057356763834,0.6417328300953424,0.1283465660190685
14,Cooper,Connolly,PS,351.0,267.0,49.0,58.0,44.0,24.0,258.0,185.0,-25.96620498614958,15.845276053029025,1.2186379928315318,-8.902290940289024,1.0,0.0,10,0.1,0.0,-15.095693779904307,-1.9736842105263162,-17.069377990430624,24.0,178.0,0.0,0.0,0.0,0.0,24.0,178.0,0.0,7.416666666666667,0.0,0.0,18.747694886839916,0.0,18.747694886839916,30.0,36.52198316183349,-6.521983161833489,12.225711725006427,-13.745957205713221,-0.5800235896682899,-14.325980795381511,132.60376700383677,118.27778620845525,0.639339384910569,0.0639339384910569
42,Tom,Rodgers,MR,99.0,77.0,0.0,0.0,13.0,8.0,86.0,69.0,0.0,-4.317167309951337,-1.260454002389488,-5.577621312340825,4.0,0.0,10,0.4,0.0,-0.09569377990430727,-1.9736842105263162,-2.0693779904306235,36.333333333333336,306.0,17.0,136.0,6.0,63.0,13.333333333333336,107.0,8.0,8.024999999999999,10.5,0.6799999999999855,2.30427493713331,2.275730622617541,5.260005559750836,79.0,55.290224508886816,23.709775491113184,28.96978105086402,21.322781748092574,-0.4163186349200621,20.90646311317251,95.17788629229159,116.0843494054641,0.6274829697592654,0.06274829697592654
94,Ben,Duckett,MS,243.0,157.0,125.0,73.0,4.0,4.0,114.0,80.0,30.645983379501384,9.284443698607152,-3.130227001194744,36.80020007691379,8.0,0.0,7,1.1428571428571428,0.0,25.93301435406698,-1.3815789473684212,24.55143540669856,0.0,0.0,0.0,0.0,0.0,0.0,0.0,0.0,0.0,0.0,0.0,0.0,0.0,0.0,0.0,0.0,0.0,0.0,0.0,61.35163548361235,-0.22156618875406695,61.13006929485828,50.65399372166027,111.78406301651856,0.6042381784676679,0.08631973978109542
70,Matthew,Renshaw,BH,280.0,165.0,8.0,7.0,61.0,26.0,211.0,132.0,-1.0476454293628807,38.21933210270179,14.653524492234164,51.82521116557307,5.0,0.0,9,0.5555555555555556,0.0,6.913875598086124,-1.7763157894736845,5.137559808612439,0.0,0.0,0.0,0.0,0.0,0.0,0.0,0.0,0.0,0.0,0.0,0.0,0.0,0.0,0.0,0.0,0.0,0.0,0.0,56.96277097418551,-0.23285618563325508,56.72991478855226,53.235088943146145,109.9650037316984,0.5944054255767481,0.06604504728630535
61,Jamie,Overton,AS,191.0,122.0,0.0,0.0,13.0,6.0,178.0,116.0,0.0,26.16244336298039,2.3046594982078834,28.467102861188273,6.0,1.0,9,0.6666666666666666,0.1111111111111111,11.913875598086122,3.223684210526315,15.137559808612437,31.666666666666668,305.0,3.0,42.0,7.0,83.0,21.666666666666668,180.0,14.0,8.307692307692307,11.857142857142858,-17.880000000000003,-2.380553227158379,-6.844980940279539,-27.105534167437924,37.0,48.188727782974745,-11.188727782974745,-38.29426195041267,5.310400719388042,-0.4403098782883369,4.870090841099705,100.66271363794907,105.53280447904878,0.570447591778642,0.06338306575318245
12,Finn,Allen,PS,181.0,98.0,100.0,62.0,0.0,0.0,81.0,36.0,19.863711911357342,33.87799966437322,0.0,53.74171157573056,6.0,2.0,10,0.6,0.2,9.904306220095691,8.026315789473683,17.930622009569376,0.0,0.0,0.0,0.0,0.0,0.0,0.0,0.0,0.0,0.0,0.0,0.0,0.0,0.0,0.0,0.0,0.0,0.0,0.0,71.67233358529994,-0.13830246177005454,71.53403112352989,31.61841646320195,103.15244758673184,0.557580797766118,0.055758079776611805
45,David,Warner,ST,346.0,243.0,118.0,87.0,41.0,21.0,187.0,135.0,5.550692520775616,10.29249874139955,3.566308243727595,19.40949950590276,4.0,1.0,9,0.4444444444444444,0.1111111111111111,1.9138755980861213,3.223684210526315,5.137559808612436,0.0,0.0,0.0,0.0,0.0,0.0,0.0,0.0,0.0,0.0,0.0,0.0,0.0,0.0,0.0,0.0,0.0,0.0,0.0,24.5470593145152,-0.3429336552053393,24.20412565930986,78.40076735263341,102.60489301194326,0.5546210433078014,0.061624560367533485
4,Marcus,Stoinis,MS,296.0,227.0,22.0,25.0,7.0,11.0,267.0,191.0,-10.313019390581715,16.991609330424545,-12.608124253285546,-5.929534313442716,1.0,0.0,10,0.1,0.0,-15.095693779904307,-1.9736842105263162,-17.069377990430624,22.0,159.0,2.0,8.0,3.0,19.0,17.0,132.0,4.0,7.764705882352941,6.333333333333333,8.079999999999998,7.362950544844947,13.637865311308772,29.080815856153716,14.0,33.47848456501403,-19.47848456501403,9.602331291139688,-13.396581012733652,-0.5066386099535671,-13.90321962268722,115.82664806417857,101.92342844149135,0.5509374510350884,0.05509374510350884
114,Joel,Paris,MS,8.0,9.0,0.0,0.0,1.0,1.0,7.0,8.0,0.0,-3.4715556301392847,-0.782556750298686,-4.254112380437971,1.0,0.0,6,0.16666666666666666,0.0,-7.057416267942585,-1.1842105263157896,-8.241626794258375,22.0,145.0,8.0,51.0,3.0,21.0,11.0,73.0,6.375,6.636363636363637,7.0,13.319999999999993,17.17602682313496,11.63786531130877,42.13389213444373,57.0,33.47848456501403,23.52151543498597,65.6554075694297,53.15966839473335,-0.1989861949956907,52.96068219973766,45.49180327868852,98.45248547842618,0.5321755971806821,0.08869593286344701
41,Fergus,O'Neill,MR,54.0,56.0,0.0,0.0,3.0,7.0,51.0,49.0,0.0,-13.138278234603115,-9.477897252090802,-22.61617548669392,2.0,0.0,8,0.25,0.0,-6.076555023923447,-1.5789473684210529,-7.6555023923445,25.5,177.0,10.0,69.0,1.0,18.0,14.5,90.0,6.9,6.206896551724138,18.0,11.399999999999988,28.868398994132455,-7.1207115628970765,33.14768743123536,67.0,38.804607109448085,28.195392890551915,61.343080321787276,31.071402442748855,-0.29495116846878977,30.776451274280067,67.43111266131845,98.20756393559851,0.5308516969491811,0.06635646211864764
23,Josh,Philippe,SS,179.0,133.0,75.0,71.0,0.0,0.0,104.0,62.0,-16.768975069252072,22.845443866420545,0.0,6.076468797168474,13.0,0.0,9,1.4444444444444444,0.0,46.913875598086115,-1.7763157894736845,45.13755980861243,0.0,0.0,0.0,0.0,0.0,0.0,0.0,0.0,0.0,0.0,0.0,0.0,0.0,0.0,0.0,0.0,0.0,0.0,0.0,51.2140286057809,-0.1876961981165026,51.0263324076644,42.91070805720265,93.93704046486704,0.5077677862965786,0.056418642921842066
87,Nathan,Ellis,HH,80.0,61.0,0.0,0.0,19.0,12.0,61.0,49.0,0.0,-3.1382782346031184,-2.390681003584234,-5.528959238187353,6.0,1.0,8,0.75,0.125,13.923444976076553,3.421052631578947,17.344497607655498,28.0,223.0,7.0,54.0,6.0,66.0,15.0,103.0,7.714285714285714,6.866666666666666,11.0,2.279999999999993,19.96730930427496,-0.7242693773824591,21.523039926892494,26.0,42.608980355472404,-16.608980355472404,4.91405957142009,16.729597940888233,-0.3231761606667601,16.40642178022147,73.88385071503313,90.29027249525461,0.4880555270013763,0.061006940875172035
19,Jhye,Richardson,PS,12.0,8.0,0.0,0.0,11.0,5.0,1.0,3.0,0.0,-2.926833361302232,2.0872162485065715,-0.8396171127956604,0.0,0.0,5,0.0,0.0,-10.047846889952154,-0.9868421052631581,-11.034688995215312,20.0,160.0,8.0,47.0,5.0,53.0,7.0,60.0,5.875,8.571428571428571,10.6,17.319999999999993,-2.6152556580050206,1.3964421855146192,16.10118652750959,69.0,30.434985968194574,38.565014031805426,54.666200559315016,42.791894451304046,-0.18063995006701,42.611254501237035,41.29752354377398,83.90877804501102,0.45356096240546495,0.090712192481093
49,Sam,Billings,ST,185.0,136.0,0.0,0.0,25.0,16.0,160.0,120.0,0.0,2.926665547910704,-3.520908004778976,-0.5942424568682716,10.0,2.0,9,1.1111111111111112,0.2222222222222222,31.913875598086122,8.223684210526315,40.13755980861244,0.0,0.0,0.0,0.0,0.0,0.0,0.0,0.0,0.0,0.0,0.0,0.0,0.0,0.0,0.0,0.0,0.0,0.0,0.0,39.543317351744165,-0.19192994694619814,39.35138740479797,43.87861876525985,83.23000617005782,0.44989192524355576,0.04998799169372842
67,D'Arcy,Short,AS,187.0,139.0,70.0,52.0,17.0,12.0,100.0,75.0,2.788919667590031,1.8291659674441902,-4.39068100358423,0.2274046314499918,5.0,0.0,9,0.5555555555555556,0.0,6.913875598086124,-1.7763157894736845,5.137559808612439,10.333333333333334,78.0,0.0,0.0,1.0,14.0,9.333333333333334,64.0,0.0,6.857142857142857,14.0,0.0,12.512992455993308,-3.1207115628970765,9.392280893096231,19.0,15.724742750233865,3.2752572497661347,12.667538142862366,18.032502582924796,-0.28366117158960164,17.748841411335192,64.85001743983257,82.59885885116776,0.44648031811442035,0.0496089242349356
112,Tom,Andrews,ST,53.0,24.0,0.0,0.0,7.0,3.0,46.0,21.0,0.0,18.51216647088438,1.6523297491039424,20.164496219988322,0.0,0.0,7,0.0,0.0,-14.066985645933016,-1.3815789473684212,-15.448564593301437,22.0,152.0,1.0,8.0,0.0,0.0,21.0,144.0,8.0,6.857142857142857,0.0,0.03999999999999915,28.15423302598494,0.0,28.19423302598494,32.0,33.47848456501403,-1.4784845650140284,26.71574846097091,31.431680087657796,-0.22015493914416845,31.211525148513626,50.331356818974534,81.54288196748816,0.44077233495939544,0.06296747642277077
43,Adam,Zampa,MR,6.0,8.0,0.0,0.0,1.0,2.0,5.0,6.0,0.0,-2.853666722604463,-2.5651135005973718,-5.418780223201835,1.0,0.0,10,0.1,0.0,-15.095693779904307,-1.9736842105263162,-17.069377990430624,36.0,260.0,0.0,0.0,2.0,28.0,34.0,232.0,0.0,6.823529411764706,14.0,0.0,46.7259010896899,-6.241423125794153,40.48447796389574,45.0,54.782974742750234,-9.782974742750234,30.701503221145508,8.213345007513048,-0.3161199126172675,7.897225094895781,72.27066620160446,80.16789129650024,0.43333995295405536,0.043333995295405534
107,Usama,Mir,MS,6.0,9.0,0.0,0.0,4.0,2.0,2.0,7.0,0.0,-7.1626111763718745,0.434886499402628,-6.727724676969246,5.0,0.0,7,0.7142857142857143,0.0,10.933014354066986,-1.3815789473684212,9.551435406698564,26.0,205.0,0.0,0.0,0.0,0.0,26.0,205.0,0.0,7.884615384615385,0.0,0.0,8.143336127409906,0.0,8.143336127409906,55.0,39.56548175865295,15.43451824134705,23.577854368756956,26.401565098486273,-0.23285618563325508,26.168708912853017,53.235088943146145,79.40379785599916,0.429209718140536,0.06131567402007657
11,Peter,Siddle,MS,18.0,12.0,0.0,0.0,0.0,0.0,18.0,12.0,0.0,2.2926665547910727,0.0,2.2926665547910727,0.0,1.0,9,0.0,0.1111111111111111,-18.086124401913878,3.223684210526315,-14.862440191387563,33.166666666666664,257.0,8.0,46.0,9.0,91.0,16.166666666666664,120.0,5.75,7.422680412371135,10.11111111111111,18.319999999999993,12.531433361274095,6.913595933926315,37.76502929520041,36.0,50.47135173058933,-14.471351730589333,23.293677564611073,10.723903928014582,-0.2977736676885868,10.426130260325996,68.07638646668991,78.5025167270159,0.42433792825414,0.04714865869490445
22,Lance,Morris,PS,0.0,2.0,0.0,0.0,0.0,0.0,0.0,2.0,0.0,-2.6178889075348213,0.0,-2.6178889075348213,1.0,0.0,8,0.125,0.0,-11.076555023923447,-1.5789473684210529,-12.6555023923445,31.333333333333332,263.0,10.0,95.0,2.0,12.0,19.333333333333332,156.0,9.5,8.068965517241379,6.0,-14.600000000000009,2.4911986588432775,9.758576874205847,-2.350224466950884,82.0,47.68147801683816,34.31852198316184,31.968297516210953,16.69490621633163,-0.268137425880718,16.426768790450915,61.3010115102895,77.72778030074042,0.4201501637877861,0.05251877047347326
72,Max,Bryant,BH,259.0,157.0,0.0,0.0,61.0,27.0,198.0,130.0,0.0,27.8372210102366,12.87096774193547,40.70818875217207,1.0,0.0,9,0.1111111111111111,0.0,-13.086124401913878,-1.7763157894736845,-14.862440191387563,0.0,0.0,0.0,0.0,0.0,0.0,0.0,0.0,0.0,0.0,0.0,0.0,0.0,0.0,0.0,0.0,0.0,0.0,0.0,25.845748560784507,-0.22156618875406695,25.62418237203044,50.65399372166027,76.27817609369072,0.4123144653713012,0.04581271837458902
16,Ashton,Turner,PS,240.0,163.0,4.0,3.0,36.0,21.0,200.0,139.0,0.12243767313019362,18.056720926329906,-1.4336917562724083,16.74546684318769,5.0,0.0,10,0.5,0.0,4.904306220095692,-1.9736842105263162,2.930622009569376,3.0,26.0,0.0,0.0,0.0,0.0,3.0,26.0,0.0,8.666666666666666,0.0,0.0,-1.4065381391450078,0.0,-1.4065381391450078,3.0,4.565247895229186,-1.5652478952291862,-2.971786034374194,16.70430281838287,-0.2554361793916313,16.44886663899124,58.39727938611789,74.84614602510914,0.4045737622978872,0.04045737622978872
58,Chris,Lynn,AS,230.0,139.0,109.0,63.0,17.0,8.0,104.0,68.0,27.571191135734075,14.991777143816075,2.739545997610512,45.30251427716066,0.0,0.0,7,0.0,0.0,-14.066985645933016,-1.3815789473684212,-15.448564593301437,0.0,0.0,0.0,0.0,0.0,0.0,0.0,0.0,0.0,0.0,0.0,0.0,0.0,0.0,0.0,0.0,0.0,0.0,0.0,29.853949683859224,-0.19616369577589368,29.65778598808333,44.846529473317055,74.50431546140038,0.40272602952108316,0.05753228993158331
85,Tim,David,HH,229.0,133.0,0.0,0.0,103.0,37.0,126.0,96.0,0.0,0.3413324383285817,37.04540023894862,37.3867326772772,3.0,1.0,9,0.3333333333333333,0.1111111111111111,-3.0861244019138785,3.223684210526315,0.13755980861243655,4.0,40.0,1.0,9.0,0.0,0.0,3.0,31.0,9.0,10.333333333333334,0.0,-0.9600000000000009,-6.406538139145011,0.0,-7.366538139145012,0.0,6.086997193638915,-6.086997193638915,-13.453535332783927,24.07075715310571,-0.22156618875406695,23.849190964351642,50.65399372166027,74.5031846860119,0.402719917221686,0.04474665746907622
36,Tim,Seifert,MR,200.0,163.0,74.0,44.0,14.0,9.0,112.0,110.0,17.129085872576184,-31.983889914415172,-2.0430107526881724,-16.89781479452716,10.0,2.0,10,1.0,0.2,29.90430622009569,8.026315789473683,37.930622009569376,0.0,0.0,0.0,0.0,0.0,0.0,0.0,0.0,0.0,0.0,0.0,0.0,0.0,0.0,0.0,0.0,0.0,0.0,0.0,21.032807215042215,-0.23003368641345806,20.80277352862876,52.58981513777467,73.39258866640343,0.39671669549407257,0.039671669549407255
24,James,Vince,SS,228.0,164.0,87.0,66.0,35.0,13.0,106.0,85.0,1.6936288088642686,-5.260278570229904,11.826762246117083,8.260112484751447,5.0,0.0,6,0.8333333333333334,0.0,12.942583732057415,-1.1842105263157896,11.758373205741625,0.0,0.0,0.0,0.0,0.0,0.0,0.0,0.0,0.0,0.0,0.0,0.0,0.0,0.0,0.0,0.0,0.0,0.0,0.0,20.018485690493073,-0.23144493602335656,19.787040754469714,52.91245204046041,72.69949279493012,0.3929702313239466,0.0654950385539911
91,Jacob,Bethell,MR,195.0,156.0,10.0,24.0,27.0,11.0,158.0,121.0,-21.020498614958445,-0.38227890585665736,7.391875746714455,-14.010901774100649,3.0,1.0,8,0.375,0.125,-1.0765550239234467,3.421052631578947,2.3444976076555,11.166666666666666,76.0,1.0,13.0,0.0,0.0,10.166666666666666,63.0,13.0,6.19672131147541,0.0,-4.960000000000001,20.34450963956413,0.0,15.38450963956413,12.0,16.9928671655753,-4.992867165575301,10.391642473988828,-1.2747616924563214,-0.314708663007369,-1.5894703554636904,71.94802929891873,70.35855894345504,0.3803165348294867,0.047539566853685836
134,Steven,Smith,SS,173.0,95.0,42.0,27.0,17.0,7.0,114.0,61.0,7.101939058171752,34.15438832018796,4.522102747909196,45.77843012626891,0.0,0.0,3,0.0,0.0,-6.028708133971293,-0.5921052631578948,-6.620813397129187,0.0,0.0,0.0,0.0,0.0,0.0,0.0,0.0,0.0,0.0,0.0,0.0,0.0,0.0,0.0,0.0,0.0,0.0,0.0,39.15761672913972,-0.134068712940359,39.023548016199356,30.65050575514475,69.6740537713441,0.3766165068721303,0.12553883562404342
54,Lockie,Ferguson,ST,9.0,12.0,0.0,0.0,0.0,0.0,9.0,12.0,0.0,-6.707333445208928,0.0,-6.707333445208928,2.0,0.0,6,0.3333333333333333,0.0,-2.0574162679425854,-1.1842105263157896,-3.2416267942583747,24.0,172.0,10.0,58.0,5.0,56.0,9.0,58.0,5.8,6.444444444444445,11.2,22.39999999999999,15.78038558256497,-1.603557814485379,36.57682776807958,27.0,36.52198316183349,-9.52198316183349,27.054844606246093,17.10588436677879,-0.22015493914416845,16.88572942763462,50.331356818974534,67.21708624660916,0.36333560133302245,0.06055593355550374
28,Jack,Edwards,SS,83.0,63.0,20.0,12.0,0.0,0.0,63.0,51.0,4.489750692520779,-3.75616714213794,0.0,0.7335835503828392,2.0,0.0,8,0.25,0.0,-6.076555023923447,-1.5789473684210529,-7.6555023923445,25.0,183.0,8.0,60.0,0.0,0.0,17.0,123.0,7.5,7.235294117647059,0.0,4.319999999999993,16.362950544844946,0.0,20.68295054484494,23.0,38.04373246024322,-15.04373246024322,5.639218084601719,-1.282700757359942,-0.3005961669083838,-1.583296924268326,68.72166027206138,67.13836334779306,0.36291007215023274,0.04536375901877909
32,Ben,Dwarshius,SS,100.0,56.0,0.0,0.0,25.0,14.0,75.0,42.0,0.0,20.02433294176876,0.04420549581839794,20.068538437587158,1.0,0.0,9,0.1111111111111111,0.0,-13.086124401913878,-1.7763157894736845,-14.862440191387563,32.166666666666664,281.0,8.0,73.0,7.0,56.0,17.166666666666664,152.0,9.125,8.854368932038836,8.0,-8.680000000000007,-11.27074601844091,20.155019059720466,0.20427304127954926,28.0,48.9496024321796,-20.949602432179603,-20.745329390900054,-15.539231144700459,-0.3514011528647304,-15.890632297565189,80.33658876874782,64.44595647118263,0.34835652146585205,0.03870628016287245
110,Spencer,Johnson,BH,33.0,25.0,0.0,0.0,0.0,0.0,33.0,25.0,0.0,0.2763886558147348,0.0,0.2763886558147348,1.0,0.0,7,0.14285714285714285,0.0,-9.066985645933016,-1.3815789473684212,-10.448564593301437,28.0,231.0,8.0,47.0,5.0,31.0,15.0,153.0,5.875,10.2,6.2,17.319999999999993,-30.032690695725037,23.396442185514616,10.683751489789572,44.0,42.608980355472404,1.3910196445275957,12.074771134317167,1.9025951968304646,-0.2723711747104135,1.6302240221200512,62.2689222183467,63.899146240466756,0.3454007904890095,0.0493429700698585
84,Nikhil,Chaudhary,HH,217.0,167.0,12.0,9.0,18.0,15.0,187.0,143.0,0.36731301939058086,-0.1790568887397106,-8.738351254480289,-8.550095123829418,1.0,0.0,9,0.1111111111111111,0.0,-13.086124401913878,-1.7763157894736845,-14.862440191387563,17.0,131.0,1.0,7.0,0.0,0.0,16.0,124.0,7.0,7.75,0.0,1.0399999999999991,7.165129924559949,0.0,8.205129924559948,15.0,25.86973807296539,-10.86973807296539,-2.664608148405442,-26.077143463622424,-0.3796261450627007,-26.456769608685125,86.7893268224625,60.33255721377738,0.32612193088528313,0.03623577009836479
60,Alex,Ross,AS,256.0,181.0,0.0,0.0,72.0,35.0,184.0,146.0,0.0,-7.10589025004195,9.610513739545985,2.5046234895040342,4.0,0.0,10,0.4,0.0,-0.09569377990430727,-1.9736842105263162,-2.0693779904306235,0.0,0.0,0.0,0.0,0.0,0.0,0.0,0.0,0.0,0.0,0.0,0.0,0.0,0.0,0.0,0.0,0.0,0.0,0.0,0.4352454990734107,-0.2554361793916313,0.17980931968177938,58.39727938611789,58.57708870579967,0.31663291192324144,0.031663291192324146
55,Tanveer,Sangha,ST,0.0,0.0,0.0,0.0,0.0,0.0,0.0,0.0,0.0,0.0,0.0,0.0,2.0,0.0,3,0.6666666666666666,0.0,3.9712918660287064,-0.5921052631578948,3.3791866028708117,12.0,72.0,0.0,0.0,0.0,0.0,12.0,72.0,0.0,6.0,0.0,0.0,26.37384744341996,0.0,26.37384744341996,22.0,18.260991580916745,3.7390084190832553,30.112855862503217,33.49204246537403,-0.10160997191269312,33.39043249346133,23.229856993372863,56.620289486834196,0.3060556188477524,0.10201853961591746
80,Matthew,Wade,HH,132.0,95.0,36.0,29.0,20.0,8.0,76.0,58.0,-1.4831024930747887,0.08122168149018932,5.739545997610512,4.337665186025912,6.0,1.0,7,0.8571428571428571,0.14285714285714285,15.933014354066984,3.6184210526315788,19.551435406698563,0.0,0.0,0.0,0.0,0.0,0.0,0.0,0.0,0.0,0.0,0.0,0.0,0.0,0.0,0.0,0.0,0.0,0.0,0.0,23.889100592724475,-0.134068712940359,23.755031879784116,30.65050575514475,54.40553763492886,0.2940839872158317,0.04201199817369024
88,Riley,Meredith,HH,0.0,2.0,0.0,0.0,0.0,0.0,0.0,2.0,0.0,-2.6178889075348213,0.0,-2.6178889075348213,3.0,1.0,8,0.375,0.125,-1.0765550239234467,3.421052631578947,2.3444976076555,30.0,263.0,15.0,105.0,3.0,32.0,12.0,126.0,7.0,10.5,10.666666666666666,15.599999999999987,-27.62615255658004,0.6378653113087722,-11.388287245271279,53.0,45.65247895229186,7.347521047708142,-4.040766197563137,-4.314157497442459,-0.25684742900152985,-4.5710049264439885,58.719916288803624,54.148911362359634,0.29269681817491694,0.03658710227186462
102,Nathan,McSweeney,BH,209.0,166.0,50.0,42.0,23.0,14.0,136.0,110.0,-4.2858725761772805,-7.983889914415179,-1.955794504181605,-14.225556994774063,6.0,1.0,8,0.75,0.125,13.923444976076553,3.421052631578947,17.344497607655498,1.0,15.0,0.0,0.0,0.0,0.0,1.0,15.0,0.0,15.0,0.0,0.0,-6.802179379715003,0.0,-6.802179379715003,3.0,1.5217492984097287,1.4782507015902713,-5.323928678124732,-2.204988065243297,-0.2427349329025447,-2.4477229981458417,55.49354726194628,53.04582426380044,0.2867341852097321,0.03584177315121651
117,Brendan,Doggett,AS,49.0,43.0,0.0,0.0,13.0,9.0,36.0,34.0,0.0,-8.504111428091958,-3.043010752688175,-11.547122180780134,3.0,2.0,6,0.5,0.3333333333333333,2.942583732057415,8.81578947368421,11.758373205741625,16.666666666666668,121.0,12.0,85.0,0.0,0.0,4.666666666666668,36.0,7.083333333333333,7.714285714285713,0.0,11.479999999999993,2.25649622799666,0.0,13.736496227996653,16.0,25.362488306828816,-9.362488306828816,4.374007921167838,4.585258946129329,-0.20180869421548775,4.383450251913842,46.13707708405999,50.52052733597383,0.2730839315458045,0.04551398859096742
86,Chris,Jordan,HH,59.0,43.0,0.0,0.0,14.0,10.0,45.0,33.0,0.0,1.804833025675444,-3.8255675029868597,-2.0207344773114158,2.0,0.0,7,0.2857142857142857,0.0,-4.066985645933016,-1.3815789473684212,-5.4485645933014375,22.5,193.0,1.0,6.0,6.0,64.0,15.5,123.0,6.0,7.935483870967742,10.666666666666666,2.039999999999999,4.06621961441745,1.2757306226175444,7.381950237034993,27.0,34.239359214218894,-7.239359214218894,0.1425910228160996,-7.326708047796754,-0.2512024305619358,-7.57791047835869,57.42936867806068,49.851458199701995,0.2694673416200108,0.038495334517144396
26,Moises,Henriques,SS,206.0,155.0,0.0,1.0,38.0,16.0,168.0,138.0,-1.2925207756232686,-12.634334619902642,9.479091995221024,-4.447763400304886,5.0,0.0,9,0.5555555555555556,0.0,6.913875598086124,-1.7763157894736845,5.137559808612439,2.0,19.0,0.0,0.0,0.0,0.0,2.0,19.0,0.0,9.5,0.0,0.0,-2.6043587594300064,0.0,-2.6043587594300064,0.0,3.0434985968194574,-3.0434985968194574,-5.647857356249464,-4.958060947941911,-0.2356786848530521,-5.193739632794964,53.88036274851761,48.68662311572265,0.26317093576066297,0.02924121508451811
44,Kane,Richardson,MR,11.0,14.0,0.0,0.0,0.0,0.0,11.0,14.0,0.0,-7.325222352743749,0.0,-7.325222352743749,3.0,0.0,7,0.42857142857142855,0.0,0.9330143540669833,-1.3815789473684212,-0.44856459330143794,22.666666666666668,185.0,4.0,26.0,5.0,43.0,13.666666666666668,116.0,6.5,8.48780487804878,8.6,6.159999999999997,-3.963118189438359,11.39644218551462,13.593323996076258,29.0,34.492984097287184,-5.492984097287184,8.100339898789073,0.32655295274388685,-0.21168744148477733,0.11486551125910952,48.395535402860126,48.51040091411924,0.26221838331956343,0.03745976904565192
17,Nick,Hobson,PS,153.0,102.0,0.0,0.0,49.0,25.0,104.0,77.0,0.0,3.211277059909388,4.43608124253285,7.647358302442239,6.0,0.0,10,0.6,0.0,9.904306220095691,-1.9736842105263162,7.930622009569375,0.0,0.0,0.0,0.0,0.0,0.0,0.0,0.0,0.0,0.0,0.0,0.0,0.0,0.0,0.0,0.0,0.0,0.0,0.0,15.577980312011615,-0.1439474602096486,15.434032851801966,32.90896407394489,48.34299692574685,0.2613134968959289,0.02613134968959289
92,Ollie,Pope,AS,191.0,156.0,10.0,11.0,39.0,19.0,142.0,126.0,-4.217728531855955,-22.927001174693743,5.1314217443249674,-22.01330796222473,5.0,3.0,9,0.5555555555555556,0.3333333333333333,6.913875598086124,13.223684210526315,20.137559808612437,0.0,0.0,0.0,0.0,0.0,0.0,0.0,0.0,0.0,0.0,0.0,0.0,0.0,0.0,0.0,0.0,0.0,0.0,0.0,-1.8757481536122924,-0.22015493914416845,-2.095903092756461,50.331356818974534,48.235453726218076,0.2607321823038815,0.028970242478209056
52,Daniel,Sams,ST,60.0,28.0,0.0,0.0,11.0,9.0,49.0,19.0,0.0,24.130055378419197,-5.043010752688173,19.087044625731025,1.0,0.0,6,0.16666666666666666,0.0,-7.057416267942585,-1.1842105263157896,-8.241626794258375,18.0,151.0,3.0,34.0,2.0,36.0,13.0,81.0,11.333333333333334,6.230769230769231,18.0,-9.880000000000004,25.57166806370496,-14.241423125794153,1.4502449379108011,18.0,27.391487371375117,-9.391487371375117,-7.941242433464316,2.9041753980083342,-0.19192994694619814,2.7122454510621363,43.87861876525985,46.59086421632199,0.25184250927741614,0.041973751546236025
34,Jake,Fraser-McGurk,MR,188.0,136.0,61.0,60.0,18.0,5.0,109.0,71.0,-16.551246537396125,16.064943782513833,9.08721624850657,8.600913493624278,3.0,0.0,10,0.3,0.0,-5.095693779904309,-1.9736842105263162,-7.069377990430625,0.0,0.0,0.0,0.0,0.0,0.0,0.0,0.0,0.0,0.0,0.0,0.0,0.0,0.0,0.0,0.0,0.0,0.0,0.0,1.5315355031936528,-0.19192994694619814,1.3396055562474547,43.87861876525985,45.21822432150731,0.24442283417030977,0.024442283417030978
66,Lloyd,Pope,AS,1.0,2.0,0.0,0.0,0.0,0.0,1.0,2.0,0.0,-1.6178889075348213,0.0,-1.6178889075348213,2.0,0.0,10,0.2,0.0,-10.095693779904309,-1.9736842105263162,-12.069377990430626,35.0,317.0,0.0,0.0,0.0,0.0,35.0,317.0,0.0,9.057142857142857,0.0,0.0,-30.076278290025105,0.0,-30.076278290025105,72.0,53.2612254443405,18.738774555659496,-11.337503734365608,-25.024770632331055,-0.29918491729848534,-25.32395554962954,68.39902336937566,43.07506781974611,0.23283820443106004,0.023283820443106003
64,Henry,Thornton,AS,6.0,17.0,0.0,0.0,0.0,1.0,6.0,16.0,0.0,-14.94311126027857,-1.7825567502986859,-16.725668010577255,2.0,0.0,8,0.25,0.0,-6.076555023923447,-1.5789473684210529,-7.6555023923445,29.833333333333332,260.0,15.0,119.0,5.0,65.0,9.833333333333332,76.0,7.933333333333334,7.728813559322035,13.0,1.5999999999999837,4.6119027661357945,-10.603557814485383,-4.391655048349604,54.0,45.398854069223574,8.601145930776426,4.209490882426821,-20.171679520494934,-0.27660492354010907,-20.448284444035043,63.2368329264039,42.78854848236885,0.23128945125604786,0.028911181407005982
83,Ben,McDermott,HH,126.0,86.0,2.0,4.0,23.0,11.0,101.0,71.0,-3.1700831024930745,8.064943782513854,3.391875746714454,8.286736426735233,4.0,0.0,7,0.5714285714285714,0.0,5.933014354066984,-1.3815789473684212,4.5514354066985625,0.0,0.0,0.0,0.0,0.0,0.0,0.0,0.0,0.0,0.0,0.0,0.0,0.0,0.0,0.0,0.0,0.0,0.0,0.0,12.838171833433796,-0.12136746645127235,12.716804366982524,27.74677363097314,40.46357799795567,0.2187220432321928,0.031246006176027543
31,Sean,Abbott,SS,12.0,10.0,0.0,0.0,0.0,0.0,12.0,10.0,0.0,-1.089444537674106,0.0,-1.089444537674106,3.0,0.0,6,0.5,0.0,2.942583732057415,-1.1842105263157896,1.7583732057416255,21.0,208.0,6.0,54.0,4.0,50.0,11.0,104.0,9.0,9.454545454545455,12.5,-5.760000000000005,-13.82397317686504,-6.482846251588306,-26.06681942845335,53.0,31.956735266604305,21.043264733395695,-5.023554695057655,-4.354626026990135,-0.19192994694619814,-4.546555973936333,43.87861876525985,39.332062791323516,0.21260574481796496,0.03543429080299416
38,Laurie,Evans,MR,102.0,75.0,0.0,0.0,21.0,13.0,81.0,62.0,0.0,-0.154556133579469,-2.173237753882917,-2.327793887462386,6.0,0.0,7,0.8571428571428571,0.0,15.933014354066984,-1.3815789473684212,14.551435406698563,0.0,0.0,0.0,0.0,0.0,0.0,0.0,0.0,0.0,0.0,0.0,0.0,0.0,0.0,0.0,0.0,0.0,0.0,0.0,12.223641519236176,-0.10584372074238867,12.117797798493788,24.197767701430063,36.31556549992385,0.19630035405364243,0.02804290772194892
46,Sam,Konstas,ST,122.0,85.0,82.0,54.0,5.0,4.0,35.0,27.0,12.203878116343494,-0.34150025172008924,-2.130227001194744,9.73215086342866,2.0,0.0,5,0.4,0.0,-0.04784688995215364,-0.9868421052631581,-1.0346889952153118,0.0,0.0,0.0,0.0,0.0,0.0,0.0,0.0,0.0,0.0,0.0,0.0,0.0,0.0,0.0,0.0,0.0,0.0,0.0,8.697461868213349,-0.11995621684137384,8.577505651371975,27.424136728287408,36.00164237965939,0.19460347232248318,0.038920694464496634
105,Jackson,Bird,SS,3.0,8.0,0.0,0.0,0.0,0.0,3.0,8.0,0.0,-7.471555630139285,0.0,-7.471555630139285,1.0,0.0,3,0.3333333333333333,0.0,-1.0287081339712927,-0.5921052631578948,-1.6208133971291874,11.0,74.0,4.0,26.0,0.0,0.0,7.0,48.0,6.5,6.857142857142857,0.0,6.159999999999997,9.384744341994981,0.0,15.544744341994978,22.0,16.739242282507014,5.260757717492986,20.805502059487964,11.713133032219492,-0.10443247113249016,11.608700561087002,23.87513079874433,35.48383135983133,0.1918044938369261,0.06393483127897537
35,Josh,Brown,MR,183.0,118.0,121.0,82.0,0.0,0.0,62.0,36.0,15.013296398891976,14.877999664373219,0.0,29.891296063265195,2.0,0.0,9,0.2222222222222222,0.0,-8.086124401913878,-1.7763157894736845,-9.862440191387563,2.6666666666666665,48.0,0.0,0.0,0.16666666666666666,2.0,2.5,46.0,0.0,18.4,12.0,0.0,-25.505448449287506,-0.18678526048284608,-25.692233709770353,0.0,4.05799812909261,-4.05799812909261,-29.750231838862963,-9.721375966985331,-0.1891074477264011,-9.910483414711733,43.233344959888385,33.32286154517665,0.1801235759198738,0.020013730657763754
118,Peter,Hatzoglou,HH,2.0,6.0,0.0,0.0,0.0,0.0,2.0,6.0,0.0,-5.853666722604464,0.0,-5.853666722604464,1.0,0.0,4,0.25,0.0,-3.0382775119617236,-0.7894736842105264,-3.82775119617225,13.0,90.0,0.0,0.0,0.0,0.0,13.0,90.0,0.0,6.923076923076923,0.0,0.0,16.571668063704955,0.0,16.571668063704955,16.0,19.782740879326475,-3.782740879326475,12.78892718437848,3.1075092656017667,-0.11854496723147531,2.9889642983702913,27.10149982560167,30.090464123971962,0.16265115742687547,0.04066278935671887
30,Hayden,Kerr,SS,45.0,34.0,0.0,0.0,6.0,8.0,39.0,26.0,0.0,4.967444202047324,-8.260454002389487,-3.293009800342163,2.0,0.0,8,0.25,0.0,-6.076555023923447,-1.5789473684210529,-7.6555023923445,27.0,233.0,3.0,32.0,3.8333333333333335,59.0,20.166666666666668,142.0,10.666666666666666,7.041322314049586,15.391304347826086,-7.880000000000001,23.322715842414112,-17.296060991105456,-1.8533451486913446,21.0,41.087231057062674,-20.087231057062674,-21.94057620575402,-32.889088398440684,-0.27660492354010907,-33.16569332198079,63.2368329264039,30.07113960442311,0.16254670056444925,0.020318337570556157
27,Jordan,Silk,SS,96.0,74.0,0.0,0.0,30.0,17.0,66.0,57.0,0.0,-8.6098338647424,-0.303464755077662,-8.913298619820063,7.0,0.0,9,0.7777777777777778,0.0,16.913875598086122,-1.7763157894736845,15.137559808612437,0.0,0.0,0.0,0.0,0.0,0.0,0.0,0.0,0.0,0.0,0.0,0.0,0.0,0.0,0.0,0.0,0.0,0.0,0.0,6.224261188792374,-0.10443247113249016,6.119828717659884,23.87513079874433,29.994959516404215,0.16213491630488766,0.018014990700543073
33,Todd,Murphy,SS,15.0,21.0,0.0,0.0,0.0,0.0,15.0,21.0,0.0,-12.48783352911562,0.0,-12.48783352911562,3.0,0.0,9,0.3333333333333333,0.0,-3.0861244019138785,-1.7763157894736845,-4.862440191387563,16.0,124.0,0.0,0.0,0.0,0.0,16.0,124.0,0.0,7.75,0.0,0.0,7.165129924559949,0.0,7.165129924559949,26.0,24.34798877455566,1.6520112254443404,8.81714115000429,-8.533132570498893,-0.16511620435812632,-8.698248774857019,37.7485176142309,29.050268839373878,0.15702848021283178,0.017447608912536865
89,Billy,Stanlake,HH,4.0,11.0,0.0,0.0,0.0,0.0,4.0,11.0,0.0,-10.398388991441516,0.0,-10.398388991441516,4.0,0.0,7,0.5714285714285714,0.0,5.933014354066984,-1.3815789473684212,4.5514354066985625,22.0,192.0,8.0,81.0,0.0,0.0,14.0,111.0,10.125,7.928571428571429,0.0,-16.680000000000007,3.7694886839899517,0.0,-12.910511316010055,35.0,33.47848456501403,1.5215154349859716,-11.388995881024083,-17.235949465767035,-0.20180869421548775,-17.437758159982522,46.13707708405999,28.699318924077467,0.155131453643662,0.022161636234808855
75,Xavier,Bartlett,BH,23.0,27.0,0.0,0.0,1.0,3.0,22.0,24.0,0.0,-9.414666890417857,-4.3476702508960585,-13.762337141313916,4.0,0.0,9,0.4444444444444444,0.0,1.9138755980861213,-1.7763157894736845,0.13755980861243677,35.166666666666664,333.0,17.0,122.0,7.0,79.0,11.166666666666664,132.0,7.176470588235294,11.820895522388062,11.285714285714286,14.679999999999982,-40.457669740150884,-2.844980940279541,-28.622650680430443,48.0,53.51485032740879,-5.514850327408787,-34.137501007839234,-47.76227834054071,-0.33587740715584674,-48.09815574769656,76.78758283920475,28.689427091508186,0.15507798427842262,0.017230887142046958
6,Beau,Webster,MS,184.0,143.0,12.0,15.0,43.0,22.0,129.0,106.0,-7.387811634349029,-9.748112099345512,3.783751493428911,-13.352172240265629,1.0,0.0,7,0.14285714285714285,0.0,-9.066985645933016,-1.3815789473684212,-10.448564593301437,12.833333333333334,116.0,0.0,0.0,0.0,0.0,12.833333333333334,116.0,0.0,9.03896103896104,0.0,0.0,-10.794635373009212,0.0,-10.794635373009212,11.0,19.529115996258188,-8.529115996258188,-19.3237513692674,-43.12448820283446,-0.3104749141776734,-43.43496311701214,70.98011859086152,27.545155473849384,0.14889273229107775,0.02127039032729682
125,Gurinder,Sandhu,MR,0.0,1.0,0.0,0.0,0.0,1.0,0.0,0.0,0.0,0.0,-1.7825567502986859,-1.7825567502986859,1.0,0.0,2,0.5,0.0,0.9808612440191383,-0.3947368421052632,0.5861244019138752,7.0,51.0,2.0,11.0,2.0,18.0,3.0,22.0,5.5,7.333333333333333,9.0,5.079999999999998,2.5934618608549913,3.758576874205847,11.432038735060836,14.0,10.652245088868101,3.347754911131899,14.779793646192735,13.583361297807924,-0.06068373322563617,13.522677564582288,13.87338681548657,27.396064380068857,0.1480868344868587,0.07404341724342935
20,Andrew,Tye,PS,4.0,3.0,0.0,0.0,0.0,0.0,4.0,3.0,0.0,0.07316663869776761,0.0,0.07316663869776761,7.0,1.0,6,1.1666666666666667,0.16666666666666666,22.942583732057415,3.81578947368421,26.758373205741623,21.666666666666668,221.0,0.0,0.0,2.0,21.0,19.666666666666668,200.0,0.0,10.169491525423728,10.5,0.0,-38.77619446772839,0.758576874205847,-38.017617593522544,28.0,32.97123479887746,-4.971234798877461,-42.988852392400005,-16.157312547960615,-0.1876961981165026,-16.345008746077117,42.91070805720265,26.56569931112553,0.1435983746547326,0.023933062442455435
146,Marnus,Labuschagne,BH,77.0,44.0,13.0,9.0,22.0,6.0,42.0,29.0,1.3673130193905811,4.04061084074509,11.304659498207881,16.71258335834355,0.0,0.0,1,0.0,0.0,-2.009569377990431,-0.1973684210526316,-2.2069377990430623,0.16666666666666666,4.0,0.0,0.0,0.0,0.0,0.16666666666666666,4.0,0.0,24.0,0.0,0.0,-2.6336965632858336,0.0,-2.6336965632858336,0.0,0.2536248830682881,-0.2536248830682881,-2.8873214463541217,11.618324112946366,-0.0635062324454332,11.554817880500933,14.51866062085804,26.07347850135897,0.1409377216289674,0.1409377216289674
98,Caleb,Jewell,HH,111.0,89.0,50.0,47.0,8.0,5.0,53.0,37.0,-10.748476454293627,4.569055210605812,-0.9127837514934299,-7.092204995181245,3.0,0.0,5,0.6,0.0,4.9521531100478455,-0.9868421052631581,3.9653110047846876,0.0,0.0,0.0,0.0,0.0,0.0,0.0,0.0,0.0,0.0,0.0,0.0,0.0,0.0,0.0,0.0,0.0,0.0,0.0,-3.126893990396557,-0.1256012152809679,-3.252495205677525,28.71468433903034,25.462189133352815,0.1376334547748801,0.027526690954976018
135,Sam,Fanning,PS,71.0,50.0,43.0,27.0,0.0,0.0,28.0,23.0,8.10193905817175,-2.1057224366504403,0.0,5.9962166215213095,2.0,0.0,3,0.6666666666666666,0.0,3.9712918660287064,-0.5921052631578948,3.3791866028708117,0.0,0.0,0.0,0.0,0.0,0.0,0.0,0.0,0.0,0.0,0.0,0.0,0.0,0.0,0.0,0.0,0.0,0.0,0.0,9.375403224392121,-0.07056248049492578,9.304840743897195,16.13184513428671,25.436685878183905,0.13749559934153463,0.04583186644717821
68,Jack,Wood,BH,103.0,76.0,48.0,37.0,1.0,1.0,54.0,38.0,0.17673130193906558,4.260110756838398,-0.782556750298686,3.6542853084787783,1.0,0.0,4,0.25,0.0,-3.0382775119617236,-0.7894736842105264,-3.82775119617225,0.0,0.0,0.0,0.0,0.0,0.0,0.0,0.0,0.0,0.0,0.0,0.0,0.0,0.0,0.0,0.0,0.0,0.0,0.0,-0.17346588769347182,-0.10725497035228719,-0.280720858045759,24.5204046041158,24.239683746070043,0.13102531754632454,0.032756329386581136
3,Sam,Harper,MS,147.0,137.0,60.0,58.0,12.0,6.0,75.0,73.0,-14.966204986149577,-20.55294512502097,1.304659498207884,-34.21449061296266,6.0,1.0,10,0.6,0.1,9.904306220095691,3.026315789473684,12.930622009569376,0.0,0.0,0.0,0.0,0.0,0.0,0.0,0.0,0.0,0.0,0.0,0.0,0.0,0.0,0.0,0.0,0.0,0.0,0.0,-21.283868603393287,-0.19334119655609663,-21.477209799949385,44.20125566794558,22.724045867996196,0.122832680367547,0.0122832680367547
136,Alex,Carey,AS,53.0,28.0,39.0,17.0,7.0,3.0,7.0,8.0,17.027146814404432,-3.4715556301392847,1.6523297491039424,15.207920933369088,0.0,1.0,3,0.0,0.3333333333333333,-6.028708133971293,4.407894736842105,-1.6208133971291874,0.0,0.0,0.0,0.0,0.0,0.0,0.0,0.0,0.0,0.0,0.0,0.0,0.0,0.0,0.0,0.0,0.0,0.0,0.0,13.587107536239902,-0.03951498907715844,13.547592547162743,9.033833275200557,22.5814258223633,0.12206176120196378,0.040687253733987926
127,Tom,Alsop,BH,100.0,88.0,0.0,0.0,11.0,5.0,89.0,83.0,0.0,-19.642389662695077,2.0872162485065715,-17.555173414188506,3.0,1.0,4,0.75,0.25,6.961722488038276,4.2105263157894735,11.172248803827749,0.0,0.0,0.0,0.0,0.0,0.0,0.0,0.0,0.0,0.0,0.0,0.0,0.0,0.0,0.0,0.0,0.0,0.0,0.0,-6.382924610360757,-0.12418996567106938,-6.507114576031826,28.39204743634461,21.88493286031278,0.11829693438006908,0.02957423359501727
140,Mahli,Beardman,PS,2.0,6.0,0.0,0.0,0.0,0.0,2.0,6.0,0.0,-5.853666722604464,0.0,-5.853666722604464,1.0,0.0,2,0.5,0.0,0.9808612440191383,-0.3947368421052632,0.5861244019138752,5.0,36.0,1.0,15.0,0.0,0.0,4.0,21.0,15.0,5.25,0.0,-6.960000000000001,11.791282481139987,0.0,4.831282481139986,17.0,7.608746492048644,9.391253507951356,14.222535989091343,8.954993668400753,-0.05080498595634656,8.904188682444406,11.614928496686431,20.519117179130838,0.11091414691422075,0.05545707345711037
47,Cameron,Bancroft,ST,105.0,84.0,37.0,33.0,4.0,3.0,64.0,48.0,-5.653185595567868,1.1706662191642818,-1.3476702508960585,-5.830189627299644,2.0,0.0,5,0.4,0.0,-0.04784688995215364,-0.9868421052631581,-1.0346889952153118,0.0,0.0,0.0,0.0,0.0,0.0,0.0,0.0,0.0,0.0,0.0,0.0,0.0,0.0,0.0,0.0,0.0,0.0,0.0,-6.864878622514956,-0.11854496723147531,-6.983423589746431,27.10149982560167,20.11807623585524,0.10874635803164995,0.02174927160632999
63,James,Bazley,AS,81.0,46.0,0.0,0.0,21.0,7.0,60.0,39.0,0.0,8.951166303070995,8.522102747909198,17.473269050980193,3.0,0.0,6,0.5,0.0,2.942583732057415,-1.1842105263157896,1.7583732057416255,2.0,31.0,1.0,19.0,0.0,0.0,1.0,12.0,19.0,12.0,0.0,-10.96,-3.802179379715003,0.0,-14.762179379715004,0.0,3.0434985968194574,-3.0434985968194574,-17.80567797653446,1.4259642801873582,-0.08185247737411391,1.3441118028132444,18.712940355772584,20.05705215858583,0.108416498154518,0.01806941635908633
69,Jimmy,Pierson,BH,105.0,94.0,18.0,31.0,13.0,8.0,74.0,55.0,-22.068144044321325,2.0080550427924093,-1.260454002389488,-21.320543003918402,4.0,0.0,4,1.0,0.0,11.961722488038276,-0.7894736842105264,11.17224880382775,0.0,0.0,0.0,0.0,0.0,0.0,0.0,0.0,0.0,0.0,0.0,0.0,0.0,0.0,0.0,0.0,0.0,0.0,0.0,-10.148294200090652,-0.13265746333046047,-10.280951663421112,30.327868852459016,20.046917189037906,0.10836171453534003,0.02709042863383501
15,Matthew,Hurst,PS,64.0,70.0,27.0,34.0,0.0,0.0,37.0,36.0,-16.945706371191132,-10.122000335626785,0.0,-27.067706706817916,6.0,1.0,5,1.2,0.2,19.952153110047842,4.013157894736842,23.965311004784684,0.0,0.0,0.0,0.0,0.0,0.0,0.0,0.0,0.0,0.0,0.0,0.0,0.0,0.0,0.0,0.0,0.0,0.0,0.0,-3.102395702033231,-0.09878747269289609,-3.2011831747261272,22.584583188001393,19.383400013275264,0.10477513520689331,0.020955027041378662
119,Dan,Lawrence,MS,80.0,57.0,1.0,4.0,4.0,1.0,75.0,52.0,-4.1700831024930745,6.934888404094647,2.217443249701314,4.982248551302886,1.0,0.0,3,0.3333333333333333,0.0,-1.0287081339712927,-0.5921052631578948,-1.6208133971291874,3.0,30.0,0.0,0.0,0.0,0.0,3.0,30.0,0.0,10.0,0.0,0.0,-5.40653813914501,0.0,-5.40653813914501,1.0,4.565247895229186,-3.565247895229186,-8.971786034374196,-5.610350880200497,-0.10584372074238867,-5.7161946009428855,24.197767701430063,18.48157310048718,0.09990039513776854,0.03330013171258951
104,Matthew,Kelly,PS,2.0,2.0,0.0,0.0,0.0,0.0,2.0,2.0,0.0,-0.6178889075348212,0.0,-0.6178889075348212,1.0,1.0,4,0.25,0.25,-3.0382775119617236,4.2105263157894735,1.1722488038277499,14.666666666666666,134.0,2.0,18.0,0.0,0.0,12.666666666666666,116.0,9.0,9.157894736842106,0.0,-1.9200000000000017,-12.160938809723385,0.0,-14.080938809723387,25.0,22.318989710009355,2.6810102899906454,-11.399928519732741,-10.845568623439812,-0.1270124648908664,-10.972581088330678,29.03732124171608,18.0647401533854,0.09764724407235352,0.02441181101808838
142,Callum,Stow,MR,0.0,0.0,0.0,0.0,0.0,0.0,0.0,0.0,0.0,0.0,0.0,0.0,0.0,0.0,2,0.0,0.0,0.0,0.0,0.0,8.0,62.0,0.0,0.0,0.0,0.0,8.0,62.0,0.0,7.75,0.0,0.0,3.5825649622799745,0.0,3.5825649622799745,11.0,12.17399438727783,-1.1739943872778298,2.4085705750021447,2.4085705750021447,-0.06773998127512876,2.340830593727016,15.486571328915241,17.827401922642256,0.09636433471698516,0.04818216735849258
145,Usman,Khawaja,BH,23.0,9.0,23.0,9.0,0.0,0.0,0.0,0.0,11.367313019390581,0.0,0.0,11.367313019390581,1.0,0.0,1,1.0,0.0,2.990430622009569,-0.1973684210526316,2.7930622009569377,0.0,0.0,0.0,0.0,0.0,0.0,0.0,0.0,0.0,0.0,0.0,0.0,0.0,0.0,0.0,0.0,0.0,0.0,0.0,14.160375220347518,-0.01270124648908664,14.147673973858431,2.903732124171608,17.05140609803004,0.09216976269205426,0.09216976269205426
100,Akeal,Hosein,SS,10.0,14.0,0.0,0.0,1.0,2.0,9.0,12.0,0.0,-6.707333445208928,-2.5651135005973718,-9.2724469458063,0.0,0.0,5,0.0,0.0,-10.047846889952154,-0.9868421052631581,-11.034688995215312,19.0,150.0,7.0,69.0,0.0,0.0,12.0,81.0,9.857142857142858,6.75,0.0,-12.72000000000001,17.37384744341996,0.0,4.653847443419952,20.0,28.913236669784844,-8.913236669784844,-4.259389226364892,-24.566525167386505,-0.18063995006701,-24.747165117453516,41.29752354377398,16.55035842632046,0.08946139689902952,0.017892279379805903
29,Joel,Davies,SS,10.0,5.0,0.0,0.0,0.0,0.0,10.0,5.0,0.0,3.4552777311629472,0.0,3.4552777311629472,3.0,0.0,3,1.0,0.0,8.971291866028707,-0.5921052631578948,8.379186602870812,8.0,72.0,0.0,0.0,0.0,0.0,8.0,72.0,0.0,9.0,0.0,0.0,-6.4174350377200255,0.0,-6.4174350377200255,6.0,12.17399438727783,-6.17399438727783,-12.591429424997855,-0.7569650909640959,-0.07479622932462134,-0.8317613202887173,17.099755842343914,16.267994522055197,0.08793510552462269,0.0293117018415409
116,Matthew,Gilkes,ST,103.0,79.0,38.0,21.0,7.0,6.0,58.0,52.0,10.857063711911362,-10.065111595905346,-3.6953405017921157,-2.9033883857861,1.0,0.0,6,0.16666666666666666,0.0,-7.057416267942585,-1.1842105263157896,-8.241626794258375,0.0,0.0,0.0,0.0,0.0,0.0,0.0,0.0,0.0,0.0,0.0,0.0,0.0,0.0,0.0,0.0,0.0,0.0,0.0,-11.145015180044474,-0.11148871918198273,-11.256503899226457,25.488315312173,14.231811412946543,0.07692871034025159,0.012821451723375265
109,Tom,Banton,BH,39.0,29.0,39.0,29.0,0.0,0.0,0.0,0.0,1.5168975069252093,0.0,0.0,1.5168975069252093,2.0,0.0,3,0.6666666666666666,0.0,3.9712918660287064,-0.5921052631578948,3.3791866028708117,0.0,0.0,0.0,0.0,0.0,0.0,0.0,0.0,0.0,0.0,0.0,0.0,0.0,0.0,0.0,0.0,0.0,0.0,0.0,4.896084109796021,-0.04092623868705696,4.855157871108965,9.356470177886292,14.211628048995257,0.07681961107565004,0.025606537025216678
5,Hilton,Cartwright,MS,115.0,99.0,0.0,0.0,24.0,15.0,91.0,84.0,0.0,-18.951334116462494,-2.73835125448029,-21.689685370942783,5.0,0.0,10,0.5,0.0,4.904306220095692,-1.9736842105263162,2.930622009569376,0.0,0.0,0.0,0.0,0.0,0.0,0.0,0.0,0.0,0.0,0.0,0.0,0.0,0.0,0.0,0.0,0.0,0.0,0.0,-18.759063361373407,-0.13971371137995306,-18.89877707275336,31.941053365887687,13.042276293134325,0.07049879077369905,0.007049879077369906
65,Cameron,Boyce,AS,30.0,23.0,0.0,0.0,5.0,3.0,25.0,20.0,0.0,-1.1788890753482122,-0.3476702508960574,-1.5265593262442696,0.0,0.0,7,0.0,0.0,-14.066985645933016,-1.3815789473684212,-15.448564593301437,22.5,189.0,0.0,0.0,0.0,0.0,22.5,189.0,0.0,8.4,0.0,0.0,-4.54903604358758,0.0,-4.54903604358758,18.0,34.239359214218894,-16.239359214218894,-20.788395257806474,-37.76351917735218,-0.22297743836396547,-37.98649661571614,50.976630624346,12.990134008629859,0.07021694058718843,0.010030991512455489
57,Jake,Weatherald,AS,75.0,57.0,37.0,28.0,0.0,1.0,38.0,28.0,0.8094182825484779,1.3495552945125053,-1.7825567502986859,0.3764168267622976,1.0,0.0,5,0.2,0.0,-5.0478468899521545,-0.9868421052631581,-6.034688995215313,0.0,0.0,0.0,0.0,0.0,0.0,0.0,0.0,0.0,0.0,0.0,0.0,0.0,0.0,0.0,0.0,0.0,0.0,0.0,-5.658272168453015,-0.08044122776421539,-5.73871339621723,18.390303453086847,12.651590056869617,0.06838697328037631,0.013677394656075263
90,Waqar,Salamkheil,HH,0.0,1.0,0.0,0.0,0.0,1.0,0.0,0.0,0.0,0.0,-1.7825567502986859,-1.7825567502986859,0.0,0.0,5,0.0,0.0,-10.047846889952154,-0.9868421052631581,-11.034688995215312,11.0,104.0,0.0,0.0,0.0,0.0,11.0,104.0,0.0,9.454545454545455,0.0,0.0,-13.82397317686504,0.0,-13.82397317686504,33.0,16.739242282507014,16.260757717492986,2.4367845406279454,-10.380461204886052,-0.09455372386320055,-10.475014928749252,21.616672479944192,11.14165755119494,0.060225175952405084,0.012045035190481017
97,Josh,Inglis,PS,53.0,41.0,1.0,1.0,8.0,5.0,44.0,35.0,-0.2925207756232686,-1.8130558818593732,-0.9127837514934299,-3.0183604089760716,1.0,0.0,2,0.5,0.0,0.9808612440191383,-0.3947368421052632,0.5861244019138752,0.0,0.0,0.0,0.0,0.0,0.0,0.0,0.0,0.0,0.0,0.0,0.0,0.0,0.0,0.0,0.0,0.0,0.0,0.0,-2.4322360070621967,-0.05786123400583914,-2.4900972410680358,13.228113010115102,10.738015769047067,0.0580433284813355,0.02902166424066775
115,Kurtis,Patterson,SS,71.0,58.0,19.0,17.0,0.0,0.0,52.0,41.0,-2.972853185595566,-1.6667226044638352,0.0,-4.639575790059402,1.0,0.0,4,0.25,0.0,-3.0382775119617236,-0.7894736842105264,-3.82775119617225,0.0,0.0,0.0,0.0,0.0,0.0,0.0,0.0,0.0,0.0,0.0,0.0,0.0,0.0,0.0,0.0,0.0,0.0,0.0,-8.467326986231651,-0.08185247737411391,-8.549179463605764,18.712940355772584,10.16376089216682,0.0549392480657666,0.01373481201644165
62,Fabian,Allen,AS,7.0,8.0,0.0,0.0,0.0,0.0,7.0,8.0,0.0,-3.4715556301392847,0.0,-3.4715556301392847,0.0,0.0,1,0.0,0.0,-2.009569377990431,-0.1973684210526316,-2.2069377990430623,2.0,10.0,0.0,0.0,0.0,0.0,2.0,10.0,0.0,5.0,0.0,0.0,6.395641240569994,0.0,6.395641240569994,6.0,3.0434985968194574,2.9565014031805426,9.352142643750536,3.673649214568189,-0.02822499219797031,3.645424222370219,6.452738053714684,10.098162276084903,0.054584660951810283,0.054584660951810283
7,Tom,Curran,MS,82.0,62.0,0.0,0.0,5.0,6.0,77.0,56.0,0.0,3.699110589025006,-5.695340501792116,-1.9962299127671104,0.0,0.0,5,0.0,0.0,-10.047846889952154,-0.9868421052631581,-11.034688995215312,17.166666666666668,170.0,3.0,26.0,4.0,47.0,10.166666666666668,97.0,8.666666666666666,9.540983606557376,11.75,-1.8800000000000008,-13.655490360435854,-3.482846251588306,-19.01833661202416,15.0,26.123362956033677,-11.123362956033677,-30.141699568057838,-43.172618476040256,-0.23285618563325508,-43.40547466167351,53.235088943146145,9.829614281472637,0.05313305017012236,0.010626610034024472
73,Paul,Walter,BH,67.0,55.0,0.0,0.0,18.0,14.0,49.0,41.0,0.0,-4.666722604463839,-6.955794504181601,-11.62251710864544,3.0,0.0,6,0.5,0.0,2.942583732057415,-1.1842105263157896,1.7583732057416255,19.0,176.0,0.0,0.0,2.0,25.0,17.0,151.0,0.0,8.882352941176471,12.5,0.0,-11.637049455155061,-3.241423125794153,-14.878472580949214,9.0,28.913236669784844,-19.913236669784844,-34.79170925073406,-44.65585315363787,-0.23850118407284915,-44.89435433771072,54.52563655388908,9.631282216178356,0.05206098495231544,0.008676830825385907
123,Jonathan,Wells,MR,45.0,31.0,0.0,0.0,17.0,5.0,28.0,26.0,0.0,-6.032555797952675,8.08721624850657,2.054660450553895,0.0,0.0,2,0.0,0.0,-4.019138755980862,-0.3947368421052632,-4.413875598086125,0.0,0.0,0.0,0.0,0.0,0.0,0.0,0.0,0.0,0.0,0.0,0.0,0.0,0.0,0.0,0.0,0.0,0.0,0.0,-2.35921514753223,-0.043748737906853984,-2.402963885439084,10.00174398325776,7.598780097818677,0.04107448701523609,0.020537243507618045
111,Jason,Sangha,ST,33.0,27.0,0.0,0.0,0.0,0.0,33.0,27.0,0.0,-2.3415002517200847,0.0,-2.3415002517200847,0.0,0.0,1,0.0,0.0,-2.009569377990431,-0.1973684210526316,-2.2069377990430623,0.8333333333333334,9.0,0.0,0.0,0.0,0.0,0.8333333333333334,9.0,0.0,10.799999999999999,0.0,0.0,-2.1684828164291687,0.0,-2.1684828164291687,5.0,1.2681244153414406,3.7318755846585594,1.5633927682293907,-2.985045282533757,-0.0451599875167525,-3.030205270050509,10.324380885943494,7.294175615892986,0.039427976302124246,0.039427976302124246
126,Dan,Christian,ST,23.0,15.0,0.0,0.0,2.0,3.0,21.0,12.0,0.0,5.292666554791072,-3.347670250896058,1.9449963038950142,0.0,0.0,3,0.0,0.0,-6.028708133971293,-0.5921052631578948,-6.620813397129187,5.0,42.0,1.0,9.0,0.0,0.0,4.0,33.0,9.0,8.25,0.0,-0.9600000000000009,-0.20871751886001277,0.0,-1.1687175188600136,6.0,7.608746492048644,-1.6087464920486436,-2.7774640109086572,-7.45328110414283,-0.0635062324454332,-7.516787336588263,14.51866062085804,7.001873284269776,0.037847963698755545,0.012615987899585181
141,Jake,Doran,HH,15.0,9.0,0.0,0.0,0.0,0.0,15.0,9.0,0.0,3.219499916093306,0.0,3.219499916093306,1.0,0.0,2,0.5,0.0,0.9808612440191383,-0.3947368421052632,0.5861244019138752,0.0,0.0,0.0,0.0,0.0,0.0,0.0,0.0,0.0,0.0,0.0,0.0,0.0,0.0,0.0,0.0,0.0,0.0,0.0,3.8056243180071814,-0.01270124648908664,3.7929230715180946,2.903732124171608,6.6966551956897025,0.03619813619291731,0.018099068096458656
76,Tom,Whitney,BH,0.0,0.0,0.0,0.0,0.0,0.0,0.0,0.0,0.0,0.0,0.0,0.0,0.0,0.0,2,0.0,0.0,0.0,0.0,0.0,6.0,55.0,2.0,28.0,0.0,0.0,4.0,27.0,14.0,6.75,0.0,-11.920000000000002,5.791282481139987,0.0,-6.1287175188600145,10.0,9.130495790458372,0.8695042095416277,-5.259213309318387,-5.259213309318387,-0.05080498595634656,-5.310018295274733,11.614928496686431,6.3049102014116984,0.03408059568330648,0.01704029784165324
144,Jafer,Chohan,SS,0.0,0.0,0.0,0.0,0.0,0.0,0.0,0.0,0.0,0.0,0.0,0.0,0.0,0.0,2,0.0,0.0,0.0,0.0,0.0,4.0,30.0,0.0,0.0,0.0,0.0,4.0,30.0,0.0,7.5,0.0,0.0,2.7912824811399872,0.0,2.7912824811399872,0.0,6.086997193638915,-6.086997193638915,-3.2957147124989277,-3.2957147124989277,-0.03386999063756438,-3.3295847031364922,7.743285664457621,4.413700961321128,0.02385784303416826,0.01192892151708413
53,Nathan,McAndrew,ST,9.0,6.0,0.0,0.0,9.0,5.0,0.0,1.0,0.0,-1.3089444537674106,0.08721624850657009,-1.2217282052608405,0.0,0.0,4,0.0,0.0,-8.038277511961724,-0.7894736842105264,-8.82775119617225,11.333333333333334,102.0,5.0,46.0,1.0,5.0,5.333333333333334,51.0,9.2,9.562499999999998,5.0,-5.800000000000001,-7.278290025146675,5.8792884371029235,-7.1990015880437515,15.0,17.246492048643592,-2.246492048643592,-9.445493636687344,-19.494973038120435,-0.10443247113249016,-19.599405509252925,23.87513079874433,4.275725289491405,0.02311202859184543,0.0057780071479613575
48,Oliver,Davies,ST,110.0,98.0,11.0,14.0,0.0,1.0,99.0,83.0,-7.09529085872576,-9.642389662695082,-1.7825567502986859,-18.520237271719527,1.0,0.0,6,0.16666666666666666,0.0,-7.057416267942585,-1.1842105263157896,-8.241626794258375,0.16666666666666666,2.0,0.0,0.0,0.0,0.0,0.16666666666666666,2.0,0.0,12.0,0.0,0.0,-0.6336965632858338,0.0,-0.6336965632858338,0.0,0.2536248830682881,-0.2536248830682881,-0.8873214463541219,-27.649185512332025,-0.13971371137995306,-27.78889922371198,31.941053365887687,4.152154142175707,0.022444076444193013,0.0037406794073655022
93,Liam,Scott,AS,87.0,56.0,0.0,0.0,18.0,8.0,69.0,48.0,0.0,6.170666219164291,3.739545997610512,9.910212216774802,1.0,0.0,5,0.2,0.0,-5.0478468899521545,-0.9868421052631581,-6.034688995215313,9.0,97.0,1.0,11.0,0.0,0.0,8.0,86.0,11.0,10.75,0.0,-2.960000000000001,-20.417435037720026,0.0,-23.377435037720026,2.0,13.695743685687559,-11.695743685687559,-35.07317872340759,-31.197655501848097,-0.1552374570888367,-31.352892958936934,35.49005929543076,4.137166336493827,0.02236306127834501,0.004472612255669002
9,Adam,Milne,MS,5.0,7.0,0.0,0.0,0.0,0.0,5.0,7.0,0.0,-4.162611176371874,0.0,-4.162611176371874,0.0,0.0,3,0.0,0.0,-6.028708133971293,-0.5921052631578948,-6.620813397129187,10.0,87.0,5.0,51.0,0.0,0.0,5.0,36.0,10.2,7.2,0.0,-10.8,4.989103101424983,0.0,-5.810896898575018,14.0,15.217492984097287,-1.2174929840972872,-7.028389882672305,-17.811814456173366,-0.09455372386320055,-17.906368180036566,21.616672479944192,3.7103042999076266,0.020055698918419605,0.006685232972806535
108,Aaron,Hardie,PS,120.0,113.0,37.0,30.0,9.0,7.0,74.0,76.0,-1.7756232686980553,-25.47977848632321,-3.4778972520908007,-30.733299007112066,2.0,0.0,7,0.2857142857142857,0.0,-4.066985645933016,-1.3815789473684212,-5.4485645933014375,2.0,14.0,0.0,0.0,0.0,0.0,2.0,14.0,0.0,7.0,0.0,0.0,2.3956412405699936,0.0,2.3956412405699936,0.0,3.0434985968194574,-3.0434985968194574,-0.6478573562494638,-36.82972095666297,-0.17640620123731446,-37.00612715790028,40.32961283571677,3.3234856778164925,0.017964787447656717,0.0025663982068081024
99,Lachlan,Shaw,SS,40.0,28.0,0.0,0.0,14.0,8.0,26.0,20.0,0.0,-0.17888907534821213,-0.26045400238948785,-0.4393430777377,1.0,0.0,5,0.2,0.0,-5.0478468899521545,-0.9868421052631581,-6.034688995215313,0.0,0.0,0.0,0.0,0.0,0.0,0.0,0.0,0.0,0.0,0.0,0.0,0.0,0.0,0.0,0.0,0.0,0.0,0.0,-6.474032072953013,-0.03951498907715844,-6.513547062030171,9.033833275200557,2.520286213170386,0.013623168719839924,0.0027246337439679846
13,Keaton,Jennings,PS,48.0,45.0,19.0,24.0,0.0,0.0,29.0,21.0,-12.020498614958449,1.5121664708843787,0.0,-10.50833214407407,1.0,0.0,3,0.3333333333333333,0.0,-1.0287081339712927,-0.5921052631578948,-1.6208133971291874,0.0,0.0,0.0,0.0,0.0,0.0,0.0,0.0,0.0,0.0,0.0,0.0,0.0,0.0,0.0,0.0,0.0,0.0,0.0,-12.129145541203258,-0.0635062324454332,-12.192651773648691,14.51866062085804,2.326008847209348,0.012573020795726204,0.004191006931908735
122,Hugh,Weibgen,ST,27.0,29.0,0.0,1.0,0.0,0.0,27.0,28.0,-1.2925207756232686,-9.650444705487496,0.0,-10.942965481110765,1.0,1.0,3,0.3333333333333333,0.3333333333333333,-1.0287081339712927,4.407894736842105,3.3791866028708126,0.0,0.0,0.0,0.0,0.0,0.0,0.0,0.0,0.0,0.0,0.0,0.0,0.0,0.0,0.0,0.0,0.0,0.0,0.0,-7.563778878239952,-0.04092623868705696,-7.604705116927009,9.356470177886292,1.7517650609592836,0.009469000329509642,0.0031563334431698804
1,Joe,Clarke,MS,32.0,32.0,25.0,23.0,0.0,0.0,7.0,9.0,-4.727977839335181,-4.780500083906695,0.0,-9.508477923241877,1.0,0.0,2,0.5,0.0,0.9808612440191383,-0.3947368421052632,0.5861244019138752,0.0,0.0,0.0,0.0,0.0,0.0,0.0,0.0,0.0,0.0,0.0,0.0,0.0,0.0,0.0,0.0,0.0,0.0,0.0,-8.922353521328002,-0.0451599875167525,-8.967513508844755,10.324380885943494,1.3568673770987392,0.007334418254587779,0.0036672091272938897
82,Shai,Hope,HH,103.0,89.0,30.0,17.0,8.0,7.0,65.0,65.0,8.027146814404434,-20.08138949488169,-4.477897252090802,-16.532139932568057,0.0,0.0,5,0.0,0.0,-10.047846889952154,-0.9868421052631581,-11.034688995215312,0.0,0.0,0.0,0.0,0.0,0.0,0.0,0.0,0.0,0.0,0.0,0.0,0.0,0.0,0.0,0.0,0.0,0.0,0.0,-27.56682892778337,-0.1256012152809679,-27.69243014306434,28.71468433903034,1.0222541959660028,0.005525698356572988,0.0011051396713145977
39,Hassan,Khan,MR,6.0,4.0,0.0,0.0,4.0,2.0,2.0,2.0,0.0,-0.6178889075348212,0.434886499402628,-0.18300240813219315,0.0,0.0,1,0.0,0.0,-2.009569377990431,-0.1973684210526316,-2.2069377990430623,3.0,27.0,0.0,0.0,0.0,0.0,3.0,27.0,0.0,9.0,0.0,0.0,-2.4065381391450096,0.0,-2.4065381391450096,3.0,4.565247895229186,-1.5652478952291862,-3.9717860343741958,-6.3617262415494515,-0.031047491417767345,-6.3927737329672185,7.098011859086152,0.7052381261189336,0.0038120979790212625,0.0038120979790212625
37,Mackenzie,Harvey,MR,45.0,47.0,0.0,0.0,7.0,5.0,38.0,42.0,0.0,-16.97566705823124,-1.9127837514934298,-18.88845080972467,2.0,1.0,5,0.4,0.2,-0.04784688995215364,4.013157894736842,3.965311004784688,0.0,0.0,0.0,0.0,0.0,0.0,0.0,0.0,0.0,0.0,0.0,0.0,0.0,0.0,0.0,0.0,0.0,0.0,0.0,-14.923139804939982,-0.06632873166523023,-14.989468536605212,15.163934426229508,0.17446588962429566,0.0009430588628340306,0.00018861177256680612
25,Daniel,Hughes,SS,0.0,0.0,0.0,0.0,0.0,0.0,0.0,0.0,0.0,0.0,0.0,0.0,0.0,0.0,1,0.0,0.0,0.0,0.0,0.0,0.0,0.0,0.0,0.0,0.0,0.0,0.0,0.0,0.0,0.0,0.0,0.0,0.0,0.0,0.0,0.0,0.0,0.0,0.0,0.0,-0.0,0.0,0.0,0.0,0.0,0.0
113,Wes,Agar,ST,0.0,0.0,0.0,0.0,0.0,0.0,0.0,0.0,0.0,0.0,0.0,0.0,1.0,0.0,5,0.2,0.0,-5.0478468899521545,-0.9868421052631581,-6.034688995215313,18.666666666666668,195.0,5.0,30.0,4.0,58.0,9.666666666666668,107.0,6.0,11.068965517241377,14.5,10.199999999999996,-27.75440067057835,-14.482846251588306,-32.03724692216666,30.0,28.405986903648273,1.594013096351727,-30.443233825814932,-36.47792282103025,-0.15805995630863376,-36.63598277733888,36.13533310080223,-0.5006496765366535,-0.0027062144677656944,-0.0005412428935531389
139,Harry,Dixon,MR,25.0,22.0,0.0,0.0,2.0,7.0,23.0,15.0,0.0,3.365833193488842,-10.477897252090802,-7.11206405860196,0.0,1.0,3,0.0,0.3333333333333333,-6.028708133971293,4.407894736842105,-1.6208133971291874,0.0,0.0,0.0,0.0,0.0,0.0,0.0,0.0,0.0,0.0,0.0,0.0,0.0,0.0,0.0,0.0,0.0,0.0,0.0,-8.732877455731147,-0.031047491417767345,-8.763924947148915,7.098011859086152,-1.665913088062763,-0.00900493561115007,-0.00300164520371669
71,Daniel,Drew,BH,16.0,14.0,0.0,0.0,0.0,0.0,16.0,14.0,0.0,-2.3252223527437494,0.0,-2.3252223527437494,0.0,0.0,2,0.0,0.0,-4.019138755980862,-0.3947368421052632,-4.413875598086125,0.0,0.0,0.0,0.0,0.0,0.0,0.0,0.0,0.0,0.0,0.0,0.0,0.0,0.0,0.0,0.0,0.0,0.0,0.0,-6.7390979508298745,-0.01975749453857922,-6.758855445368454,4.5169166376002785,-2.2419388077681752,-0.012118588150098244,-0.006059294075049122
143,Harry,Manenti,AS,11.0,9.0,0.0,0.0,0.0,0.0,11.0,9.0,0.0,-0.7805000839066949,0.0,-0.7805000839066949,0.0,0.0,2,0.0,0.0,-4.019138755980862,-0.3947368421052632,-4.413875598086125,0.0,0.0,0.0,0.0,0.0,0.0,0.0,0.0,0.0,0.0,0.0,0.0,0.0,0.0,0.0,0.0,0.0,0.0,0.0,-5.1943756819928195,-0.01270124648908664,-5.207076928481906,2.903732124171608,-2.3033448043102984,-0.012450512455731344,-0.006225256227865672
79,Campbell,Kellaway,MS,0.0,0.0,0.0,0.0,0.0,0.0,0.0,0.0,0.0,0.0,0.0,0.0,0.0,0.0,1,0.0,0.0,0.0,0.0,0.0,1.0,11.0,0.0,0.0,0.0,0.0,1.0,11.0,0.0,11.0,0.0,0.0,-2.802179379715003,0.0,-2.802179379715003,0.0,1.5217492984097287,-1.5217492984097287,-4.323928678124732,-4.323928678124732,-0.008467497659391095,-4.332396175784123,1.9358214161144052,-2.3965747596697184,-0.012954458160376856,-0.012954458160376856
10,Brody,Couch,MS,12.0,12.0,0.0,0.0,0.0,0.0,12.0,12.0,0.0,-3.7073334452089273,0.0,-3.7073334452089273,0.0,0.0,3,0.0,0.0,-6.028708133971293,-0.5921052631578948,-6.620813397129187,7.0,63.0,2.0,22.0,0.0,0.0,5.0,41.0,11.0,8.2,0.0,-5.920000000000002,-0.010896898575012415,0.0,-5.930896898575014,7.0,10.652245088868101,-3.652245088868101,-9.583141987443115,-19.911288829781228,-0.07620747893451985,-19.98749630871575,17.422392745029647,-2.565103563686101,-0.013865424668573519,-0.00462180822285784
137,Jordan,Buckingham,AS,0.0,2.0,0.0,0.0,0.0,0.0,0.0,2.0,0.0,-2.6178889075348213,0.0,-2.6178889075348213,1.0,0.0,3,0.3333333333333333,0.0,-1.0287081339712927,-0.5921052631578948,-1.6208133971291874,10.0,96.0,1.0,5.0,3.0,38.0,6.0,53.0,5.0,8.833333333333334,12.666666666666666,3.039999999999999,-3.8130762782900227,-5.362134688691228,-6.135210966981251,3.0,15.217492984097287,-12.217492984097287,-18.35270395107854,-22.591406255742548,-0.08749747581370797,-22.678903731556257,20.00348796651552,-2.6754157650407357,-0.01446170683805803,-0.0048205689460193435
147,Marcus,Bean,HH,1.0,1.0,0.0,0.0,0.0,0.0,1.0,1.0,0.0,-0.3089444537674106,0.0,-0.3089444537674106,0.0,0.0,2,0.0,0.0,-4.019138755980862,-0.3947368421052632,-4.413875598086125,8.0,77.0,2.0,15.0,0.0,0.0,6.0,62.0,7.5,10.333333333333334,0.0,1.0799999999999983,-12.813076278290023,0.0,-11.733076278290024,10.0,12.17399438727783,-2.17399438727783,-13.907070665567854,-18.62989071742139,-0.06915123088502727,-18.699041948306416,15.809208231600975,-2.889833716705441,-0.015620722793002384,-0.007810361396501192
59,Harry,Nielsen,AS,8.0,9.0,1.0,1.0,0.0,0.0,7.0,8.0,-0.2925207756232686,-3.4715556301392847,0.0,-3.7640764057625535,0.0,0.0,1,0.0,0.0,-2.009569377990431,-0.1973684210526316,-2.2069377990430623,0.0,0.0,0.0,0.0,0.0,0.0,0.0,0.0,0.0,0.0,0.0,0.0,0.0,0.0,0.0,0.0,0.0,0.0,0.0,-5.971014204805616,-0.01270124648908664,-5.983715451294703,2.903732124171608,-3.079983327123095,-0.016648558524989705,-0.016648558524989705
121,Blake,Nikitaras,ST,1.0,2.0,1.0,2.0,0.0,0.0,0.0,0.0,-1.5850415512465372,0.0,0.0,-1.5850415512465372,0.0,0.0,1,0.0,0.0,-2.009569377990431,-0.1973684210526316,-2.2069377990430623,0.0,0.0,0.0,0.0,0.0,0.0,0.0,0.0,0.0,0.0,0.0,0.0,0.0,0.0,0.0,0.0,0.0,0.0,0.0,-3.7919793502895995,-0.0028224992197970313,-3.7948018495093967,0.6452738053714684,-3.149528044137928,-0.017024475914259072,-0.017024475914259072
129,Mitchell,Marsh,PS,0.0,1.0,0.0,1.0,0.0,0.0,0.0,0.0,-1.2925207756232686,0.0,0.0,-1.2925207756232686,0.0,0.0,1,0.0,0.0,-2.009569377990431,-0.1973684210526316,-2.2069377990430623,0.0,0.0,0.0,0.0,0.0,0.0,0.0,0.0,0.0,0.0,0.0,0.0,0.0,0.0,0.0,0.0,0.0,0.0,0.0,-3.499458574666331,-0.0014112496098985156,-3.5008698242762297,0.3226369026857342,-3.1782329215904954,-0.017179637414002677,-0.017179637414002677
74,Will,Prestwidge,BH,4.0,12.0,0.0,0.0,2.0,3.0,2.0,9.0,0.0,-9.780500083906695,-3.347670250896058,-13.128170334802753,1.0,0.0,3,0.3333333333333333,0.0,-1.0287081339712927,-0.5921052631578948,-1.6208133971291874,6.166666666666666,54.0,0.0,0.0,0.16666666666666666,4.0,5.999999999999999,50.0,0.0,8.333333333333334,24.0,0.0,-0.8130762782900226,-2.186785260482846,-2.9998615387728687,8.0,9.38412067352666,-1.3841206735266596,-4.383982212299529,-19.13296594423147,-0.06915123088502727,-19.202117175116495,15.809208231600975,-3.39290894351552,-0.018340048343327135,-0.006113349447775712
77,Mitchell,Swepson,BH,16.0,12.0,0.0,0.0,0.0,0.0,16.0,12.0,0.0,0.29266655479107045,0.0,0.29266655479107045,3.0,0.0,9,0.3333333333333333,0.0,-3.0861244019138785,-1.7763157894736845,-4.862440191387563,32.0,286.0,0.0,0.0,0.0,0.0,32.0,286.0,0.0,8.9375,0.0,0.0,-23.669740150880102,0.0,-23.669740150880102,8.0,48.69597754911132,-40.69597754911132,-64.36571769999142,-68.93549133658792,-0.2878949204192972,-69.2233862570072,65.81792814788977,-3.4054581091174327,-0.01840788167090504,-0.0020453201856561157
106,Jonathan,Merlo,MS,11.0,10.0,0.0,0.0,1.0,2.0,10.0,8.0,0.0,-0.47155563013928486,-2.5651135005973718,-3.0366691307366565,0.0,0.0,2,0.0,0.0,-4.019138755980862,-0.3947368421052632,-4.413875598086125,0.0,0.0,0.0,0.0,0.0,0.0,0.0,0.0,0.0,0.0,0.0,0.0,0.0,0.0,0.0,0.0,0.0,0.0,0.0,-7.450544728822781,-0.014112496098985156,-7.4646572249217655,3.226369026857342,-4.238288198064423,-0.02290966593548337,-0.011454832967741685
8,Hamish,McKenzie,MS,11.0,7.0,0.0,0.0,0.0,0.0,11.0,7.0,0.0,1.8373888236281255,0.0,1.8373888236281255,0.0,0.0,2,0.0,0.0,-4.019138755980862,-0.3947368421052632,-4.413875598086125,8.0,77.0,0.0,0.0,0.0,0.0,8.0,77.0,0.0,9.625,0.0,0.0,-11.417435037720026,0.0,-11.417435037720026,4.0,12.17399438727783,-8.17399438727783,-19.591429424997855,-22.167916199455853,-0.07761872854441836,-22.24553492800027,17.74502964771538,-4.500505280284891,-0.024327055569107518,-0.012163527784553759
149,Oliver,Peake,MR,19.0,21.0,0.0,3.0,5.0,4.0,14.0,14.0,-3.8775623268698056,-4.325222352743748,-2.130227001194744,-10.333011680808298,0.0,0.0,1,0.0,0.0,-2.009569377990431,-0.1973684210526316,-2.2069377990430623,0.0,0.0,0.0,0.0,0.0,0.0,0.0,0.0,0.0,0.0,0.0,0.0,0.0,0.0,0.0,0.0,0.0,0.0,0.0,-12.53994947985136,-0.029636241807868828,-12.569585721659228,6.775374956400418,-5.794210765258811,-0.03132005819058817,-0.03132005819058817
131,George,Garton,ST,1.0,3.0,0.0,0.0,0.0,0.0,1.0,3.0,0.0,-2.926833361302232,0.0,-2.926833361302232,0.0,0.0,3,0.0,0.0,-6.028708133971293,-0.5921052631578948,-6.620813397129187,3.0,31.0,1.0,17.0,0.0,0.0,2.0,14.0,17.0,7.0,0.0,-8.96,2.3956412405699936,0.0,-6.564358759430007,8.0,4.565247895229186,3.434752104770814,-3.1296066546591934,-12.677253413090613,-0.029636241807868828,-12.70688965489848,6.775374956400418,-5.931514698498063,-0.032062241613503045,-0.010687413871167681
148,Tawanda,Muyeye,MR,3.0,7.0,3.0,7.0,0.0,0.0,0.0,0.0,-6.04764542936288,0.0,0.0,-6.04764542936288,0.0,0.0,1,0.0,0.0,-2.009569377990431,-0.1973684210526316,-2.2069377990430623,0.0,0.0,0.0,0.0,0.0,0.0,0.0,0.0,0.0,0.0,0.0,0.0,0.0,0.0,0.0,0.0,0.0,0.0,0.0,-8.254583228405941,-0.00987874726928961,-8.26446197567523,2.2584583188001393,-6.006003656875091,-0.03246488463175725,-0.03246488463175725
132,Mohammad,Hasnain,ST,0.0,0.0,0.0,0.0,0.0,0.0,0.0,0.0,0.0,0.0,0.0,0.0,0.0,0.0,3,0.0,0.0,0.0,0.0,0.0,6.0,73.0,4.0,48.0,2.0,25.0,0.0,0.0,12.0,0.0,12.5,-15.840000000000003,0.0,-3.241423125794153,-19.081423125794156,9.0,9.130495790458372,-0.13049579045837234,-19.21191891625253,-19.21191891625253,-0.05080498595634656,-19.262723902208876,11.614928496686431,-7.647795405522444,-0.04133943462444564,-0.013779811541481881
124,Xavier,Crone,MR,1.0,2.0,0.0,0.0,0.0,0.0,1.0,2.0,0.0,-1.6178889075348213,0.0,-1.6178889075348213,0.0,0.0,1,0.0,0.0,-2.009569377990431,-0.1973684210526316,-2.2069377990430623,2.0,22.0,0.0,0.0,0.0,0.0,2.0,22.0,0.0,11.0,0.0,0.0,-5.604358759430006,0.0,-5.604358759430006,0.0,3.0434985968194574,-3.0434985968194574,-8.647857356249464,-12.472684062827348,-0.01975749453857922,-12.492441557365927,4.5169166376002785,-7.975524919765649,-0.04311094551224675,-0.04311094551224675
78,Matt,Kuhnemann,BH,18.0,22.0,0.0,0.0,0.0,0.0,18.0,22.0,0.0,-10.796777982883032,0.0,-10.796777982883032,1.0,0.0,8,0.125,0.0,-11.076555023923447,-1.5789473684210529,-12.6555023923445,29.833333333333332,267.0,3.0,30.0,0.0,0.0,26.833333333333332,237.0,10.0,8.832298136645964,0.0,-5.880000000000003,-17.025146689019277,0.0,-22.90514668901928,17.0,45.398854069223574,-28.398854069223574,-51.30400075824285,-74.75628113347038,-0.28366117158960164,-75.03994230505998,64.85001743983257,-10.189924865227411,-0.055080674947175196,-0.0068850843683968994
128,Michael,Neser,BH,30.0,15.0,18.0,8.0,0.0,0.0,12.0,7.0,7.659833795013851,2.837388823628125,0.0,10.497222618641976,0.0,0.0,4,0.0,0.0,-8.038277511961724,-0.7894736842105264,-8.82775119617225,15.0,165.0,6.0,69.0,0.0,0.0,9.0,96.0,11.5,10.666666666666666,0.0,-20.760000000000005,-22.219614417435025,0.0,-42.97961441743503,20.0,22.82623947614593,-2.826239476145929,-45.80585389358096,-44.13638247111123,-0.14818120903934415,-44.284563680150576,33.87687478200209,-10.407688898148486,-0.056257777827829654,-0.014064444456957413
2,Thomas,Rogers,MS,45.0,51.0,39.0,42.0,0.0,0.0,6.0,9.0,-15.28587257617728,-5.780500083906697,0.0,-21.066372660083978,2.0,0.0,8,0.25,0.0,-6.076555023923447,-1.5789473684210529,-7.6555023923445,0.0,0.0,0.0,0.0,0.0,0.0,0.0,0.0,0.0,0.0,0.0,0.0,0.0,0.0,0.0,0.0,0.0,0.0,0.0,-28.72187505242848,-0.0719737301048243,-28.793848782533303,16.454482036972443,-12.33936674556086,-0.06669927970573437,-0.008337409963216797
133,Charlie,Wakim,HH,28.0,38.0,14.0,14.0,0.0,0.0,14.0,24.0,-4.09529085872576,-17.414666890417852,0.0,-21.509957749143613,0.0,1.0,4,0.0,0.25,-8.038277511961724,4.2105263157894735,-3.82775119617225,0.0,0.0,0.0,0.0,0.0,0.0,0.0,0.0,0.0,0.0,0.0,0.0,0.0,0.0,0.0,0.0,0.0,0.0,0.0,-25.337708945315864,-0.053627485176143595,-25.391336430492007,12.2602023020579,-13.131134128434107,-0.07097910339694112,-0.01774477584923528
130,Marcus,Harris,MR,23.0,36.0,9.0,20.0,0.0,0.0,14.0,16.0,-16.85041551246537,-6.943111260278569,0.0,-23.79352677274394,1.0,0.0,3,0.3333333333333333,0.0,-1.0287081339712927,-0.5921052631578948,-1.6208133971291874,0.0,0.0,0.0,0.0,0.0,0.0,0.0,0.0,0.0,0.0,0.0,0.0,0.0,0.0,0.0,0.0,0.0,0.0,0.0,-25.414340169873128,-0.05080498595634656,-25.465145155829475,11.614928496686431,-13.850216659143044,-0.0748660359953678,-0.024955345331789267
150,Cameron,Gannon,HH,6.0,8.0,0.0,0.0,0.0,0.0,6.0,8.0,0.0,-4.471555630139285,0.0,-4.471555630139285,0.0,0.0,1,0.0,0.0,-2.009569377990431,-0.1973684210526316,-2.2069377990430623,4.0,48.0,1.0,8.0,1.0,8.0,2.0,32.0,8.0,16.0,8.0,0.03999999999999915,-15.604358759430006,2.8792884371029235,-12.685070322327084,0.0,6.086997193638915,-6.086997193638915,-18.772067515966,-25.450560945148347,-0.0451599875167525,-25.495720932665098,10.324380885943494,-15.171340046721603,-0.08200724349579246,-0.08200724349579246
96,Doug,Warren,MS,6.0,7.0,0.0,0.0,0.0,0.0,6.0,7.0,0.0,-3.1626111763718745,0.0,-3.1626111763718745,0.0,0.0,2,0.0,0.0,-4.019138755980862,-0.3947368421052632,-4.413875598086125,6.166666666666666,63.0,0.0,0.0,0.0,0.0,6.166666666666666,63.0,0.0,10.216216216216218,0.0,0.0,-12.44677284157586,0.0,-12.44677284157586,0.0,9.38412067352666,-9.38412067352666,-21.83089351510252,-29.40738028956052,-0.06209498283553469,-29.469475272396057,14.196023718172304,-15.273451554223753,-0.08255919759039866,-0.04127959879519933
138,Liam,Haskett,AS,5.0,9.0,0.0,0.0,0.0,0.0,5.0,9.0,0.0,-6.780500083906695,0.0,-6.780500083906695,1.0,0.0,2,0.5,0.0,0.9808612440191383,-0.3947368421052632,0.5861244019138752,5.0,77.0,3.0,56.0,0.0,0.0,2.0,21.0,18.666666666666668,10.5,0.0,-31.880000000000006,-4.604358759430006,0.0,-36.48435875943001,21.0,7.608746492048644,13.391253507951356,-23.093105251478654,-29.287480933471475,-0.05503873478604211,-29.342519668257516,12.582839204743633,-16.75968046351388,-0.0905928673703453,-0.04529643368517265
103,Matthew,Spoors,PS,78.0,77.0,0.0,0.0,3.0,7.0,75.0,70.0,0.0,-16.626111763718747,-9.477897252090802,-26.10400901580955,0.0,0.0,5,0.0,0.0,-10.047846889952154,-0.9868421052631581,-11.034688995215312,6.0,62.0,0.0,0.0,0.0,0.0,6.0,62.0,0.0,10.333333333333334,0.0,0.0,-12.813076278290023,0.0,-12.813076278290023,6.0,9.130495790458372,-3.1304957904583723,-15.943572068748395,-53.08227007977325,-0.15947120591853226,-53.24174128569179,36.457970003487965,-16.783771282203823,-0.09072308801191256,-0.018144617602382514
50,Sherfane,Rutherford,ST,74.0,67.0,2.0,5.0,6.0,10.0,66.0,52.0,-4.462603878116343,-2.0651115959053534,-11.82556750298686,-18.353282977008558,1.0,0.0,6,0.16666666666666666,0.0,-7.057416267942585,-1.1842105263157896,-8.241626794258375,1.0,22.0,0.0,0.0,0.0,0.0,1.0,22.0,0.0,22.0,0.0,0.0,-13.802179379715003,0.0,-13.802179379715003,0.0,1.5217492984097287,-1.5217492984097287,-15.323928678124732,-41.918838449391664,-0.10302122152259165,-42.02185967091425,23.552493896058596,-18.469365774855657,-0.09983440959381436,-0.016639068265635725
101,Colin,Munro,BH,46.0,74.0,30.0,45.0,0.0,0.0,16.0,29.0,-28.16343490304709,-21.95938915925491,0.0,-50.122824062302,0.0,0.0,6,0.0,0.0,-12.057416267942585,-1.1842105263157896,-13.241626794258375,0.0,0.0,0.0,0.0,0.0,0.0,0.0,0.0,0.0,0.0,0.0,0.0,0.0,0.0,0.0,0.0,0.0,0.0,0.0,-63.364450856560374,-0.10443247113249016,-63.468883327692865,23.87513079874433,-39.593752528948535,-0.21402028394026235,-0.03567004732337706
